english,icelandic,alternatives,category,notes,definition_en,definition_is
3' UTR,,,other,,3' untranslated region; region just downstream of the protein-coding region in an RNA molecule that is not translated,
5' UTR,,,other,,5' untranslated region; region just upstream of the protein-coding region in an RNA molecule that is not translated,
5' cap,,,other,,a methylated guanosine triphosphate (GTP) molecule that is attached to the 5' end of a messenger RNA to protect the end from degradation,
7-methylguanosine cap,,,other,,modification added to the 5' end of pre-mRNAs to protect mRNA from degradation and assist translation,
A horizon,,,other,,consists of a mixture of organic material with inorganic products of weathering,
ATP,,,other,,"adenosine triphosphate, the cell’s energy currency",
ATP synthase,,,other,,(also F1F0 ATP synthase) membrane-embedded protein complex that adds a phosphate to ADP with energy from protons diffusing through it,
AZT,,,other,,anti-HIV drug that inhibits the viral enzyme reverse transcriptase,
Acanthostega,,,other,,one of the earliest known tetrapods,
Actinopterygii,,,other,,ray-finned fishes,
Addison’s disease,,,other,,disorder caused by the hyposecretion of corticosteroids,
Alzheimer’s disease,,,other,,neurodegenerative disorder characterized by problems with memory and thinking,
Amphibia,,,other,,"frogs, salamanders, and caecilians",
Annelida,,,other,,phylum of vermiform animals with metamerism,
Anthophyta,,,other,,phylum to which angiosperms belong,
Anura,,,other,,frogs,
Apoda,,,other,,caecilians,
Arbuscular mycorrhizae,,,other,,mycorrhizae commonly involving Glomeromycetes in which the fungal hyphae penetrate the cell walls of the plant root cells (but not the cell membranes),
Arthropoda,,,other,,phylum of animals with jointed appendages,
Ascomycota,,,other,,"(also, sac fungi) phylum of fungi that store spores in a sac called ascus",
B cell,,,other,,lymphocyte that matures in the bone marrow and differentiates into antibody-secreting plasma cells,
B horizon,,,other,,soil layer that is an accumulation of mostly fine material that has moved downward,
Basidiomycota,,,other,,"(also, club fungi) phylum of fungi that produce club-shaped structures (basidia) that contain spores",
Batesian mimicry,,,other,,type of mimicry where a non-harmful species takes on the warning colorations of a harmful one,
Black Death,,,other,,devastating pandemic that is believed to have been an outbreak of bubonic plague caused by the bacterium Yersinia pestis,
Bowman's capsule,,,other,,structure that encloses the glomerulus,
C horizon,,,other,,"layer of soil that contains the parent material, and the organic and inorganic material that is broken down to form soil; also known as the soil base",
CA-MRSA,,,other,,MRSA acquired in the community rather than in a hospital,
CAAT box,,,other,,(GGCCAATCT) essential eukaryotic promoter sequence involved in binding transcription factors,
Calvin cycle,,,other,,light-independent reactions of photosynthesis that convert carbon dioxide from the atmosphere into carbohydrates using the energy and reducing power of ATP and NADPH,
Cambrian explosion,,,other,,time during the Cambrian period (542–488 million years ago) when most of the animal phyla in existence today evolved,
Casparian strip,,,other,,"waxy coating that forces water to cross endodermal plasma membranes before entering the vascular cylinder, instead of moving between endodermal cells",
Catarrhini,,,other,,clade of Old World monkeys,
Cephalochordata,,,other,,"chordate clade whose members possess a notochord, dorsal hollow nerve cord, pharyngeal slits, and a post-anal tail in the adult stage",
Chondrichthyes,,,other,,jawed fish with paired fins and a skeleton made of cartilage,
Chordata,,,other,,"phylum of animals distinguished by their possession of a notochord, a dorsal, hollow nerve cord, an endostyle, pharyngeal slits, and a post-anal tail at some point in their development",
Chromosomal Theory of Inheritance,,,other,,theory proposing that chromosomes are the genes' vehicles and that their behavior during meiosis is the physical basis of the inheritance patterns that Mendel observed,
Chytridiomycota,,,other,,"(also, chytrids) primitive phylum of fungi that live in water and produce gametes with flagella",
Cnidaria,,,other,,phylum of animals that are diploblastic and have radial symmetry,
Craniata,,,other,,clade composed of chordates that possess a cranium; includes Vertebrata together with hagfishes,
Crocodilia,,,other,,crocodiles and alligators,
Cryogenian period,,,other,,geologic period (850–630 million years ago) characterized by a very cold global climate,
Cushing’s disease,,,other,,disorder caused by the hypersecretion of glucocorticoids,
DNA barcoding,,,other,,molecular genetic method for identifying a unique genetic sequence to associate with a species,
DNA methylation,,,other,,epigenetic modification that leads to gene silencing; a process involving adding a methyl group to the DNA molecule,
DNA microarray,,,other,,method to detect gene expression by analyzing many DNA fragments that are fixed to a glass slide or a silicon chip to identify active genes and identify sequences,
Deuteromycota,,,other,,former form phylum of fungi that do not have a known sexual reproductive cycle (presently members of two phyla: Ascomycota and Basidiomycota),
Dicer,,,other,,enzyme that chops the pre-miRNA into the mature form of the miRNA,
Ecdysozoa,,,other,,clade of protostomes that exhibit exoskeletal molting (ecdysis),
Echinodermata,,,other,,phylum of deuterostomes with spiny skin; exclusively marine organisms,
Ectomycorrhizae,,,other,,mycorrhizae in which the fungal hyphae do not penetrate the root cells of the plant,
Ediacaran period,,,other,,geological period (630–542 million years ago) when the oldest definite multicellular organisms with tissues evolved,
Emsleyan/Mertensian mimicry,,,other,,type of mimicry where a harmful species resembles a less harmful one,
Enantiornithes,,,other,,dominant bird group during the Cretaceous period,
Eumetazoa,,,other,,group of animals with true differentiated tissues,
FACT,,,other,,complex that “facilitates chromatin transcription” by disassembling nucleosomes ahead of a transcribing RNA polymerase II and reassembling them after the polymerase passes by,
FEV1/FVC ratio,,,other,,ratio of how much air can be forced out of the lung in one second to the total amount that is forced out of the lung; a measurement of lung function that can be used to detect disease states,
FtsZ,,,other,,tubulin-like protein component of the prokaryotic cytoskeleton that is important in prokaryotic cytokinesis (name origin: Filamenting temperature-sensitive mutant Z),
G-protein,,,other,,a membrane protein activated by the hormone first messenger to activate formation of cyclic AMP,
G-protein-linked receptor,,,other,,cell-surface receptor that activates membrane-bound G-proteins to transmit a signal from the receptor to nearby membrane components,
GC-rich box,,,other,,(GGCG) nonessential eukaryotic promoter sequence that binds cellular factors to increase the efficiency of transcription; may be present several times in a promoter,
GLUT protein,,,other,,integral membrane protein that transports glucose,
Glomeromycota,,,other,,phylum of fungi that form symbiotic relationships with the roots of trees,
Golgi apparatus,,,other,,"eukaryotic organelle comprised of a series of stacked membranes that sorts, tags, and packages lipids and proteins for distribution",
Golgi tendon organ,,,other,,muscular proprioceptive tension receptor that provides the sensory component of the Golgi tendon reflex,
Gram negative,,,other,,bacterium whose cell wall contains little peptidoglycan but has an outer membrane,
Gram positive,,,other,,bacterium that contains mainly peptidoglycan in its cell walls,
Haversian canal,,,other,,contains the bone’s blood vessels and nerve fibers,
Hox gene,,,other,,"(also, homeobox gene) master control gene that can turn on or off large numbers of other genes during embryogenesis",
Hylobatidae,,,other,,family of gibbons,
Hylonomus,,,other,,one of the earliest reptiles,
J-shaped growth curve,,,other,,shape of an exponential growth curve,
Kozak’s rules,,,other,,determines the correct initiation AUG in a eukaryotic mRNA; the following consensus sequence must appear around the AUG: 5’-GCC(purine)CCAUGG-3’; the bolded bases are most important,
Krebs cycle,,,other,,"(also citric acid cycle) alternate name for the citric acid cycle, named after Hans Krebs, who first identified the steps in the pathway in the 1930s in pigeon flight muscles; see citric acid cycle",
Lophotrochozoa,,,other,,clade of protostomes that exhibit a trochophore larvae stage or a lophophore feeding structure,
MRSA,,,other,,(methicillin-resistant Staphylococcus aureus) very dangerous Staphylococcus aureus strain resistant to multiple antibiotics,
Malpighian tubule,,,other,,excretory tubules found in arthropods,
Meissner’s corpuscle,,,other,,"(also, tactile corpuscle) encapsulated, rapidly-adapting mechanoreceptor in the skin that responds to light touch",
Merkel's disk,,,other,,"unencapsulated, slowly-adapting mechanoreceptor in the skin that responds to touch",
Metazoa,,,other,,group containing all animals,
Milankovitch cycles,,,other,,cyclic changes in the Earth's orbit that may affect climate,
Mollusca,,,other,,phylum of protostomes with soft bodies and no segmentation,
Myxini,,,other,,hagfishes,
Müllerian mimicry,,,other,,type of mimicry where species share warning coloration and all are harmful to predators,
Nematoda,,,other,,"phylum of worm-like animals that are triploblastic, pseudocoelomates that can be free-living or parasitic",
Nemertea,,,other,,phylum of dorsoventrally flattened protostomes known as ribbon worms,
Neognathae,,,other,,birds other than the Paleognathae,
Neornithes,,,other,,modern birds,
Northern blotting,,,other,,transfer of RNA from a gel to a nylon membrane,
O horizon,,,other,,layer of soil with humus at the surface and decomposed vegetation at the base,
Octamer box,,,other,,(ATTTGCAT) nonessential eukaryotic promoter sequence that binds cellular factors to increase the efficiency of transcription; may be present several times in a promoter,
Okazaki fragment,,,other,,DNA fragment that is synthesized in short stretches on the lagging strand,
Ornithorhynchidae,,,other,,clade that includes the duck-billed platypus,
Osteichthyes,,,other,,bony fish,
P680,,,other,,reaction center of photosystem II,
P700,,,other,,reaction center of photosystem I,
Pacinian corpuscle,,,other,,encapsulated mechanoreceptor in the skin that responds to deep pressure and vibration,
Paleognathae,,,other,,"ratites; flightless birds, including ostriches and emus",
Parazoa,,,other,,group of animals without true differentiated tissues,
Parkinson’s disease,,,other,,neurodegenerative disorder that affects the control of movement,
Petromyzontidae,,,other,,clade of lampreys,
Platyrrhini,,,other,,clade of New World monkeys,
Plesiadapis,,,other,,oldest known primate-like mammal,
Porifera,,,other,,"phylum of animals with no true tissues, but a porous body with rudimentary endoskeleton",
Primates,,,other,,"order of lemurs, tarsiers, monkeys, apes, and humans",
Punnett square,,,other,,"visual representation of a cross between two individuals in which the gametes of each individual are denoted along the top and side of a grid, respectively, and the possible zygotic genotypes are recombined at each box in the grid",
RISC,,,other,,protein complex that binds along with the miRNA to the RNA to degrade it,
RNA editing,,,other,,direct alteration of one or more nucleotides in an mRNA that has already been synthesized,
RNA stability,,,other,,how long an RNA molecule will remain intact in the cytoplasm,
RNA-binding protein (RBP),,,other,,protein that binds to the 3' or 5' UTR to increase or decrease the RNA stability,
Ruffini ending,,,other,,"(also, bulbous corpuscle) slowly-adapting mechanoreceptor in the skin that responds to skin stretch and joint position",
S phase,,,other,,"second, or synthesis, stage of interphase during which DNA replication occurs",
S-layer,,,other,,surface-layer protein present on the outside of cell walls of archaea and bacteria,
S-shaped growth curve,,,other,,shape of a logistic growth curve,
Sarcopterygii,,,other,,lobe-finned fish,
Schwann cell,,,other,,glial cell that creates myelin sheath around a peripheral nervous system neuron axon,
Sertoli cell,,,other,,cell in seminiferous tubules that assists developing sperm and makes inhibin,
Shine-Dalgarno sequence,,,other,,(AGGAGG); initiates prokaryotic translation by interacting with rRNA molecules comprising the 30S ribosome,
Southern blotting,,,other,,DNA transfer from a gel to a nylon membrane,
Sphenodontia,,,other,,clade of tuataras,
Squamata,,,other,,clade of lizards and snakes,
T cell,,,other,,lymphocyte that matures in the thymus gland; one of the main cells involved in the adaptive immune system,
TATA box,,,other,,conserved promoter sequence in eukaryotes and prokaryotes that helps to establish the initiation site for transcription,
TCA cycle,,,other,,"(also citric acid cycle) alternate name for the citric acid cycle, named after the group name for citric acid, tricarboxylic acid (TCA); see citric acid cycle",
Tachyglossidae,,,other,,clade that includes the echidna or spiny anteater,
Testudines,,,other,,order of turtles,
Ti plasmid,,,other,,plasmid system derived from Agrobacterium tumefaciens that scientists have used to introduce foreign DNA into plant cells,
Urochordata,,,other,,clade composed of tunicates,
Urodela,,,other,,salamanders,
Vertebrata,,,other,,members of the phylum Chordata that possess a backbone,
X inactivation,,,other,,condensing X chromosomes into Barr bodies during embryonic development in females to compensate for the double genetic dose,
X-linked,,,other,,"gene present on the X, but not the Y chromosome",
Zygomycota,,,other,,"(also, conjugated fungi) phylum of fungi that form a zygote contained in a zygospore",
abduction,,,other,,when a bone moves away from the midline of the body,
abiotic,,,other,,nonliving components of the environment,
above-ground biomass,,,other,,total mass of aboveground living plants per area,
abscisic acid (ABA),,,other,,plant hormone that induces dormancy in seeds and other organs,
abscission,,,other,,physiological process that leads to the fall of a plant organ (such as leaf or petal drop),
absorption spectrum,,,other,,range of wavelengths of electromagnetic radiation absorbed by a given substance,
abstract,,,other,,opening section of a scientific paper that summarizes the research and conclusions,
abyssal zone,,,other,,deepest part of the ocean at depths of 4000 m or greater,
accessory fruit,,,other,,fruit derived from tissues other than the ovary,
acclimatization,,,other,,alteration in a body system in response to environmental change,
acellular,,,other,,lacking cells,
acetyl CoA,,,other,,"combination of an acetyl group derived from pyruvic acid and coenzyme A, which is made from pantothenic acid (a B-group vitamin)",
acetylcholine,,,other,,neurotransmitter released by neurons in the central nervous system and peripheral nervous system,
acetylcholinesterase,,,other,,(AChE) enzyme that breaks down ACh into acetyl and choline,
acid,,,other,,molecule that donates hydrogen ions and increases the concentration of hydrogen ions in a solution,
acid rain,,,other,,"corrosive rain caused by rainwater falling to the ground through sulfur dioxide gas, turning it into weak sulfuric acid; can damage structures and ecosystems",
acidophile,,,other,,organism with optimal growth pH of three or below,
acoelomate,,,other,,animal without a body cavity,
acromegaly,,,other,,condition caused by overproduction of GH in adults,
acrosomal reaction,,,other,,series of biochemical reactions that the sperm uses to break through the zona pellucida,
actin,,,other,,globular contractile protein that interacts with myosin for muscle contraction,
action potential,,,other,,self-propagating momentary change in the electrical potential of a neuron (or muscle) membrane,
activation energy,,,other,,energy necessary for reactions to occur,
activator,,,other,,protein that binds to prokaryotic operators to increase transcription,
active site,,,other,,enzyme's specific region to which the substrate binds,
active transport,,,other,,method of transporting material that requires energy,
acute disease,,,other,,disease where the symptoms rise and fall within a short period of time,
adaptation,,,other,,heritable trait or behavior in an organism that aids in its survival and reproduction in its present environment,
adaptive evolution,,,other,,increase in frequency of beneficial alleles and decrease in deleterious alleles due to selection,
adaptive immunity,,,other,,immunity that has memory and occurs after exposure to an antigen either from a pathogen or a vaccination,
adaptive radiation,,,other,,speciation when one species radiates to form several other species,
adduction,,,other,,movement of the limbs inward after abduction,
adenylate cyclase,,,other,,an enzyme that catalyzes the conversion of ATP to cyclic AMP,
adhesion,,,other,,attraction between water molecules and other molecules,
adrenal cortex,,,other,,outer portion of adrenal glands that produces corticosteroids,
adrenal gland,,,other,,endocrine glands associated with the kidneys,
adrenal medulla,,,other,,inner portion of adrenal glands that produces epinephrine and norepinephrine,
adrenocorticotropic hormone (ACTH),,,other,,"hormone released by the anterior pituitary, which stimulates the adrenal cortex to release corticosteroids during the long-term stress response",
adventitious,,,other,,"describes an organ that grows in an unusual place, such as a roots growing from the side of a stem",
adventitious root,,,other,,aboveground root that arises from a plant part other than the radicle of the plant embryo,
aerobic,,,other,,organisms that use oxygen,
aerobic respiration,,,other,,process in which organisms convert energy in the presence of oxygen,
afferent arteriole,,,other,,arteriole that branches from the cortical radiate artery and enters the glomerulus,
affinity,,,other,,attraction of molecular complementarity between antigen and antibody molecules,
age structure,,,other,,proportion of population members at specific age ranges,
aggregate fruit,,,other,,fruit that develops from multiple carpels in the same flower,
aggressive display,,,other,,visual display by a species member to discourage other members of the same species or different species,
aldosterone,,,other,,steroid hormone produced by the adrenal cortex that stimulates the reabsorption of Na+ from extracellular fluids and secretion of K+,
aleurone,,,other,,single layer of cells just inside the seed coat that secretes enzymes upon germination,
algal bloom,,,other,,rapid increase of algae in an aquatic system,
alimentary canal,,,other,,tubular digestive system with a mouth and anus,
aliphatic hydrocarbon,,,other,,hydrocarbon consisting of a linear chain of carbon atoms,
alkaliphile,,,other,,organism with optimal growth pH of nine or above,
allantois,,,other,,membrane of the egg that stores nitrogenous wastes produced by the embryo; also facilitates respiration,
allele,,,other,,gene variations that arise by mutation and exist at the same relative locations on homologous chromosomes,
allele frequency,,,other,,"(also, gene frequency) rate at which a specific allele appears within a population",
allergy,,,other,,immune reaction that results from immediate hypersensitivities in which an antibody-mediated immune response occurs within minutes of exposure to a harmless antigen,
allopatric speciation,,,other,,speciation that occurs via geographic separation,
allopolyploid,,,other,,"polyploidy formed between two related, but separate species",
allosteric inhibition,,,other,,"inhibition by a binding event at a site different from the active site, which induces a conformational change and reduces the enzyme's affinity for its substrate",
alpha cell,,,other,,endocrine cell of the pancreatic islets that produces the hormone glucagon,
alteration,,,other,,change of the set point in a homeostatic system,
alternation of generations,,,other,,life-cycle type in which the diploid and haploid stages alternate,
alveolar duct,,,other,,duct that extends from the terminal bronchiole to the alveolar sac,
alveolar sac,,,other,,structure consisting of two or more alveoli that share a common opening,
alveolar ventilation,,,other,,how much air is in the alveoli,
alveolus,,,other,,"(plural: alveoli) (also, air sac) terminal region of the lung where gas exchange occurs",
amino acid,,,other,,"a protein's monomer; has a central carbon or alpha carbon to which an amino group, a carboxyl group, a hydrogen, and an R group or side chain is attached; the R group is different for all 20 common amino acids",
amino acid-derived hormone,,,other,,hormone derived from amino acids,
aminoacyl tRNA synthetase,,,other,,enzyme that “charges” tRNA molecules by catalyzing a bond between the tRNA and a corresponding amino acid,
aminopeptidase,,,other,,protease that breaks down peptides to single amino acids; secreted by the brush border of small intestine,
ammonia,,,other,,compound made of one nitrogen atom and three hydrogen atoms,
ammonification,,,other,,process by which ammonia is released during the decomposition of nitrogen-containing organic compounds,
ammonotelic,,,other,,describes an animal that excretes ammonia as the primary waste material,
amnion,,,other,,membrane of the egg that protects the embryo from mechanical shock and prevents dehydration,
amniote,,,other,,animal that produces a terrestrially adapted egg protected by amniotic membranes,
amoebocyte,,,other,,"sponge cell with multiple functions, including nutrient delivery, egg formation, sperm delivery, and cell differentiation",
amphiarthrosis,,,other,,joint that allows slight movement; includes syndesmoses and symphyses,
amphiphilic,,,other,,molecule possessing a polar or charged area and a nonpolar or uncharged area capable of interacting with both hydrophilic and hydrophobic environments,
ampulla of Lorenzini,,,other,,sensory organ that allows sharks to detect electromagnetic fields produced by living things,
amygdala,,,other,,structure within the limbic system that processes fear,
anabolic,,,other,,"(also, anabolism) pathways that require an energy input to synthesize complex molecules from simpler ones",
anaerobic,,,other,,process that does not use oxygen,
anaerobic cellular respiration,,,other,,process in which organisms convert energy for their use in the absence of oxygen,
analogy,,,other,,"(also, homoplasy) characteristic that is similar between organisms by convergent evolution, not due to the same evolutionary path",
analytical model,,,other,,ecosystem model that is created with mathematical formulas to predict the effects of environmental disturbances on ecosystem structure and dynamics,
anaphase,,,other,,stage of mitosis during which sister chromatids are separated from each other,
anapsid,,,other,,animal having no temporal fenestrae in the cranium,
anatomical dead space,,,other,,"(also, anatomical shunt) region of the lung that lacks proper ventilation/perfusion due to an anatomical block",
androecium,,,other,,sum of all the stamens in a flower,
androgen,,,other,,male sex hormone such as testosterone,
aneuploid,,,other,,individual with an error in chromosome number; includes chromosome segment deletions and duplications,
aneuploidy,,,other,,condition of a cell having an extra chromosome or missing a chromosome for its species,
angina,,,other,,pain caused by partial blockage of the coronary arteries by the buildup of plaque and lack of oxygen to the heart muscle,
angiotensin I,,,other,,product in the renin-angiotensin-aldosterone pathway,
angiotensin II,,,other,,molecule that affects different organs to increase blood pressure,
angiotensin converting enzyme (ACE),,,other,,enzyme that converts angiotensin I to angiotensin II,
angular movement,,,other,,produced when the angle between the bones of a joint changes,
anion,,,other,,negative ion that is formed by an atom gaining one or more electrons,
anoxic,,,other,,without oxygen,
antenna pigment,,,other,,pigment molecule that directly absorbs light and transfers the energy absorbed to other pigment molecules,
anterior pituitary,,,other,,portion of the pituitary gland that produces six hormones; also called adenohypophysis,
anther,,,other,,sac-like structure at the tip of the stamen in which pollen grains are produced,
antheridium,,,other,,male gametangium,
anthropoid,,,other,,"monkeys, apes, and humans",
anti-diuretic hormone (ADH),,,other,,hormone that prevents the loss of water,
antibiotic,,,other,,"biological substance that, in low concentration, is antagonistic to the growth of prokaryotes",
antibiotic resistance,,,other,,ability of an organism to be unaffected by an antibiotic's actions,
antibody,,,other,,protein that is produced by plasma cells after stimulation by an antigen; also known as an immunoglobulin,
anticodon,,,other,,three-nucleotide sequence in a tRNA molecule that corresponds to an mRNA codon,
antidiuretic hormone (ADH),,,other,,hormone produced by the hypothalamus and released by the posterior pituitary that increases water reabsorption by the kidneys,
antigen,,,other,,foreign or “non-self” protein that triggers the immune response,
antigen-presenting cell (APC),,,other,,"immune cell that detects, engulfs, and informs the adaptive immune response about an infection by presenting the processed antigen on the cell surface",
antioxidant,,,other,,agent that prevents cell destruction by reactive oxygen species,
antipodals,,,other,,the three cells away from the micropyle,
antiporter,,,other,,transporter that carries two ions or small molecules in different directions,
anus,,,other,,exit point for waste material,
aorta,,,other,,major artery of the body that takes blood away from the heart,
apex consumer,,,other,,organism at the top of the food chain,
aphotic zone,,,other,,part of the ocean where no light penetrates,
apical bud,,,other,,bud formed at the tip of the shoot,
apical meristem,,,other,,meristematic tissue located at the tips of stems and roots; enables a plant to extend in length,
apocrine gland,,,other,,scent gland that secretes substances that are used for chemical communication,
apodeme,,,other,,ingrowth of an animal’s exoskeleton that functions as an attachment site for muscles,
apomixis,,,other,,process by which seeds are produced without fertilization of sperm and egg,
apoptosis,,,other,,programmed cell death,
aposematic coloration,,,other,,warning coloration used as a defensive mechanism against predation,
appendicular skeleton,,,other,,"composed of the bones of the upper limbs, which function to grasp and manipulate objects, and the lower limbs, which permit locomotion",
applied science,,,other,,form of science that aims to solve real-world problems,
appositional growth,,,other,,increase in the diameter of bones by the addition of bone tissue at the surface of bones,
aquaporin,,,other,,channel protein that allows water through the membrane at a very high rate,
arachnoid mater,,,other,,spiderweb-like middle layer of the meninges that cover the central nervous system,
arbuscular mycorrhiza,,,other,,mycorrhizal association in which the fungal hyphae enter the root cells and form extensive networks,
archegonium,,,other,,female gametangium,
archenteron,,,other,,primitive gut cavity within the gastrula that opens outward via the blastopore,
archosaur,,,other,,"modern crocodilian or bird, or an extinct pterosaur or dinosaur",
arcuate artery,,,other,,artery that branches from the interlobar artery and arches over the base of the renal pyramids,
aromatic hydrocarbon,,,other,,hydrocarbon consisting of closed rings of carbon atoms,
arteriole,,,other,,small vessel that connects an artery to a capillary bed,
artery,,,other,,blood vessel that takes blood away from the heart,
articulation,,,other,,any place where two bones are joined,
ascending limb,,,other,,part of the loop of Henle that ascends from the renal medulla to the renal cortex,
ascocarp,,,other,,fruiting body of ascomycetes,
asexual reproduction,,,other,,form of reproduction that produces offspring that are genetically identical to the parent,
assimilation,,,other,,"biomass consumed and assimilated from the previous trophic level after accounting for the energy lost due to incomplete ingestion of food, energy used for respiration, and energy lost as waste",
assortative mating,,,other,,when individuals tend to mate with those who are phenotypically similar to themselves,
astrocyte,,,other,,"glial cell in the central nervous system that provide nutrients, extracellular buffering, and structural support for neurons; also makes up the blood-brain barrier",
asymmetrical,,,other,,describes animals with no axis of symmetry in their body pattern,
asymptomatic disease,,,other,,disease where there are no symptoms and the individual is unaware of being infected unless lab tests are performed,
atherosclerosis,,,other,,buildup of fatty plaques in the coronary arteries in the heart,
atom,,,other,,smallest and most fundamental unit of matter that retains the properties of an element,
atomic number,,,other,,total number of protons in an atom,
atomic weight,,,other,,calculated mean of the atomic weights of an element’s isotopes,
atrial natriuretic peptide (ANP),,,other,,"hormone produced by the heart to reduce blood volume, pressure, and Na+ concentration",
atrioventricular valve,,,other,,one-way membranous flap of connective tissue between the atrium and the ventricle in the right side of the heart; also known as tricuspid valve,
atrium,,,other,,(plural: atria) chamber of the heart that receives blood from the veins and sends blood to the ventricles,
attention deficit hyperactivity disorder (ADHD),,,other,,neurodevelopmental disorder characterized by difficulty maintaining attention and controlling impulses,
attenuation,,,other,,weakening of a virus during vaccine development,
audition,,,other,,sense of hearing,
auditory ossicle,,,other,,"(also, middle ear) transduces sounds from the air into vibrations in the fluid-filled cochlea",
auricle,,,other,,cartilaginous outer ear,
autism spectrum disorder (ASD),,,other,,neurodevelopmental disorder characterized by impaired social interaction and communication abilities,
autoantibody,,,other,,antibody that incorrectly marks “self” components as foreign and stimulates the immune response,
autocrine signal,,,other,,signal that is sent and received by the same or similar nearby cells,
autoimmune response,,,other,,inappropriate immune response to host cells or self-antigens,
autoimmunity,,,other,,type of hypersensitivity to self antigens,
autoinducer,,,other,,signaling molecule secreted by bacteria to communicate with other bacteria of its kind,
autonomic nervous system,,,other,,part of the peripheral nervous system that controls bodily functions,
autopolyploid,,,other,,polyploidy formed within a single species,
autosome,,,other,,any of the non-sex chromosomes,
autosomes,,,other,,any of the non-sex chromosomes,
autotroph,,,other,,organism that produces organic molecules from small inorganic compounds,
auxin,,,other,,"plant hormone that influences cell elongation (in phototropism), gravitropism, apical dominance, and root growth",
avidity,,,other,,total binding strength of a multivalent antibody with antigen,
axial skeleton,,,other,,"forms the central axis of the body and includes the bones of the skull, the ossicles of the middle ear, the hyoid bone of the throat, the vertebral column, and the thoracic cage (ribcage)",
axillary bud,,,other,,bud located in the axil: the stem area where the petiole connects to the stem,
axon,,,other,,tube-like structure that propagates a signal from a neuron’s cell body to axon terminals,
axon hillock,,,other,,electrically sensitive structure on the cell body of a neuron that integrates signals from multiple neuronal connections,
axon terminal,,,other,,structure on the end of an axon that can form a synapse with another neuron,
back mutation,,,other,,when a live virus vaccine reverts back to it disease-causing phenotype,
bacteriophage,,,other,,virus that infects bacteria,
balanced chemical equation,,,other,,statement of a chemical reaction with the number of each type of atom equalized for both the products and reactants,
ball-and-socket joint,,,other,,"joint with a rounded, ball-like end of one bone fitting into a cuplike socket of another bone",
barcoding,,,other,,molecular biology technique in which one or more short gene sequences taken from a well-characterized portion of the genome is used to identify a species,
bark,,,other,,"tough, waterproof, outer epidermal layer of cork cells",
basal angiosperms,,,other,,a group of plants that probably branched off before the separation of monocots and eudicots,
basal ganglia,,,other,,interconnected collections of cells in the brain that are involved in movement and motivation; also known as basal nuclei,
basal metabolic rate (BMR),,,other,,metabolic rate at rest in endothermic animals,
basal nuclei,,,other,,see basal ganglia,
basal taxon,,,other,,branch on a phylogenetic tree that has not diverged significantly from the root ancestor,
base,,,other,,molecule that donates hydroxide ions or otherwise binds excess hydrogen ions and decreases the hydrogen ions' concentration in a solution,
basic science,,,other,,science that seeks to expand knowledge and understanding regardless of the short-term application of that knowledge,
basidiocarp,,,other,,fruiting body that protrudes from the ground and bears the basidia,
basidium,,,other,,club-shaped fruiting body of basidiomycetes,
basilar membrane,,,other,,stiff structure in the cochlea that indirectly anchors auditory receptors,
basophil,,,other,,leukocyte that releases chemicals usually involved in the inflammatory response,
bedrock,,,other,,solid rock that lies beneath the soil,
behavior,,,other,,change in an organism’s activities in response to a stimulus,
behavioral biology,,,other,,study of the biology and evolution of behavior,
behavioral isolation,,,other,,type of reproductive isolation that occurs when a specific behavior or lack of one prevents reproduction from taking place,
benthic realm,,,other,,"(also, benthic zone) part of the ocean that extends along the ocean bottom from the shoreline to the deepest parts of the ocean floor",
beta cell,,,other,,endocrine cell of the pancreatic islets that produces the hormone insulin,
bicarbonate buffer system,,,other,,system in the blood that absorbs carbon dioxide and regulates pH levels,
bicuspid valve,,,other,,"(also, mitral valve; left atrioventricular valve) one-way membranous flap between the atrium and the ventricle in the left side of the heart",
bilateral symmetry,,,other,,"type of symmetry in which there is only one plane of symmetry, so the left and right halves of an animal are mirror images",
bile,,,other,,digestive juice produced by the liver; important for digestion of lipids,
binary fission,,,other,,prokaryotic cell division process,
binomial nomenclature,,,other,,"system of two-part scientific names for an organism, which includes genus and species names",
biochemistry,,,other,,study of the chemistry of biological organisms,
biodiversity,,,other,,"variety of a biological system, typically conceived as the number of species, but also applying to genes, biochemistry, and ecosystems",
biodiversity hotspot,,,other,,concept originated by Norman Myers to describe a geographical region with a large number of endemic species and a large percentage of degraded habitat,
bioenergetics,,,other,,study of energy flowing through living systems,
biofilm,,,other,,microbial community that is held together by a gummy-textured matrix,
biogeochemical cycle,,,other,,cycling of mineral nutrients through ecosystems and through the nonliving world,
biogeography,,,other,,study of the geographic distribution of living things and the abiotic factors that affect their distribution,
biological carbon pump,,,other,,process by which inorganic carbon is fixed by photosynthetic species that then die and fall to the sea floor where they cannot be reached by saprobes and their carbon dioxide consumption cannot be returned to the atmosphere,
biological macromolecule,,,other,,large molecule necessary for life that is built from smaller organic molecules,
biological nitrogen fixation,,,other,,conversion of atmospheric nitrogen into ammonia exclusively carried out by prokaryotes,
biology,,,other,,the study of life,
bioluminescence,,,other,,"generation and emission of light by an organism, as in dinoflagellates",
biomagnification,,,other,,"increasing concentrations of persistent, toxic substances in organisms at each trophic level, from the primary producers to the apex consumers",
biomarker,,,other,,individual protein that is uniquely produced in a diseased state,
biomass,,,other,,"total weight, at the time of measurement, of living or previously living organisms in a unit area within a trophic level",
biome,,,other,,"ecological community of plants, animals, and other organisms that is adapted to a characteristic set of environmental conditions",
bioremediation,,,other,,use of microbial metabolism to remove pollutants,
biosphere,,,other,,collection of all the ecosystems on Earth,
biotechnology,,,other,,use of biological agents for technological advancement,
biotic,,,other,,living components of the environment,
bipolar neuron,,,other,,"neuron with two processes extending from the cell body, typically in opposite directions",
biramous,,,other,,referring to two branches per appendage,
blastocyst,,,other,,structure formed when cells in the mammalian blastula separate into an inner and outer layer,
blastopore,,,other,,opening into the archenteron that forms during gastrulation,
blastula,,,other,,16–32 cell stage of development of an animal embryo,
blending theory of inheritance,,,other,,hypothetical inheritance pattern in which parental traits are blended together in the offspring to produce an intermediate physical appearance,
blood pressure (BP),,,other,,pressure of blood in the arteries that helps to push blood through the body,
blood urea nitrogen (BUN),,,other,,estimate of urea in the blood and an indicator of kidney function,
body plan,,,other,,morphology or defining shape of an organism,
bolus,,,other,,mass of food resulting from chewing action and wetting by saliva,
bone,,,other,,"(also, osseous tissue) connective tissue that constitutes the endoskeleton",
bone remodeling,,,other,,replacement of old bone tissue by new bone tissue,
botany,,,other,,study of plants,
bottleneck effect,,,other,,magnification of genetic drift as a result of natural events or catastrophes,
botulism,,,other,,disease produced by the toxin of the anaerobic bacterium Clostridium botulinum,
brachiation,,,other,,movement through trees branches via suspension from the arms,
brainstem,,,other,,"portion of the brain that connects with the spinal cord; controls basic nervous system functions like breathing, heart rate, and swallowing",
branch point,,,other,,node on a phylogenetic tree where a single lineage splits into distinct new ones,
bronchiole,,,other,,airway that extends from the main tertiary bronchi to the alveolar sac,
bronchus,,,other,,(plural: bronchi) smaller branch of cartilaginous tissue that stems off of the trachea; air is funneled through the bronchi to the region where gas exchange occurs in alveoli,
brumation,,,other,,period of much reduced metabolism and torpor that occurs in any ectotherm in cold weather,
budding,,,other,,"method of exit from the cell used in certain animal viruses, where virions leave the cell individually by capturing a piece of the host plasma membrane",
buffer,,,other,,substance that resists a change in pH by absorbing or releasing hydrogen or hydroxide ions,
bulb,,,other,,modified underground stem that consists of a large bud surrounded by numerous leaf scales,
bulbourethral gland,,,other,,secretion that cleanses the urethra prior to ejaculation,
bush meat,,,other,,"wild-caught animal used as food (typically mammals, birds, and reptiles); usually referring to hunting in the tropics of sub-Saharan Africa, Asia, and the Americas",
cDNA library,,,other,,collection of cloned cDNA sequences,
caecilian,,,other,,legless amphibian that belongs to the clade Apoda,
calcification,,,other,,process of deposition of mineral salts in the collagen fiber matrix that crystallizes and hardens the tissue,
calcitonin,,,other,,hormone produced by the parafollicular cells of the thyroid gland that functions to lower blood Ca2+ levels and promote bone growth,
calorie,,,other,,amount of heat required to change the temperature of one gram of water by one degree Celsius,
calyx,,,other,,whorl of sepals,
camouflage,,,other,,avoid detection by blending in with the background,
canaliculus,,,other,,microchannel that connects the lacunae and aids diffusion between cells,
candela,,,other,,(cd) unit of measurement of luminous intensity (brightness),
canopy,,,other,,branches and foliage of trees that form a layer of overhead coverage in a forest,
capillary,,,other,,smallest blood vessel that allows the passage of individual blood cells and the site of diffusion of oxygen and nutrient exchange,
capillary action,,,other,,"occurs because water molecules are attracted to charges on the inner surfaces of narrow tubular structures such as glass tubes, drawing the water molecules to the tubes' sides",
capillary bed,,,other,,large number of capillaries that converge to take blood to a particular organ or tissue,
capsid,,,other,,protein coating of the viral core,
capsomere,,,other,,protein subunit that makes up the capsid,
capsule,,,other,,external structure that enables a prokaryote to attach to surfaces and protects it from dehydration,
captacula,,,other,,tentacle-like projection that is present in tusks shells to catch prey,
carbaminohemoglobin,,,other,,molecule that forms when carbon dioxide binds to hemoglobin,
carbohydrate,,,other,,biological macromolecule in which the ratio of carbon to hydrogen and to oxygen is 1:2:1; carbohydrates serve as energy sources and structural support in cells and form arthropods' cellular exoskeleton,
carbon fixation,,,other,,process of converting inorganic CO2 gas into organic compounds,
carbonic anhydrase (CA),,,other,,enzyme that catalyzes carbon dioxide and water into carbonic acid,
carboxypeptidase,,,other,,protease that breaks down peptides to single amino acids; secreted by the brush border of the small intestine,
cardiac cycle,,,other,,filling and emptying the heart of blood by electrical signals that cause the heart muscles to contract and relax,
cardiac muscle tissue,,,other,,muscle tissue found only in the heart; cardiac contractions pump blood throughout the body and maintain blood pressure,
cardiac output,,,other,,the volume of blood pumped by the heart in one minute as a product of heart rate multiplied by stroke volume,
cardiomyocyte,,,other,,specialized heart muscle cell that is striated but contracts involuntarily like smooth muscle,
carnivore,,,other,,animal that consumes animal flesh,
carotenoid,,,other,,photosynthetic pigment (yellow-orange-red) that functions to dispose of excess energy,
carpel,,,other,,single unit of the pistil,
carpus,,,other,,eight bones that comprise the wrist,
carrier protein,,,other,,membrane protein that moves a substance across the plasma membrane by changing its own shape,
cartilage,,,other,,"type of connective tissue with a large amount of ground substance matrix, cells called chondrocytes, and some amount of fibers",
cartilaginous joint,,,other,,joint in which the bones are connected by cartilage,
catabolic,,,other,,"(also, catabolism) pathways in which complex molecules break down into simpler ones",
catabolite activator protein (CAP),,,other,,protein that complexes with cAMP to bind to the promoter sequences of operons which control sugar processing when glucose is not available,
cation,,,other,,positive ion that is formed by an atom losing one or more electrons,
caveolin,,,other,,protein that coats the plasma membrane's cytoplasmic side and participates in the liquid uptake process by potocytosis,
cell,,,other,,smallest fundamental unit of structure and function in living things,
cell cycle,,,other,,ordered series of events involving cell growth and cell division that produces two new daughter cells,
cell necrosis,,,other,,cell death,
cell plate,,,other,,"structure formed during plant cell cytokinesis by Golgi vesicles, forming a temporary structure (phragmoplast) and fusing at the metaphase plate; ultimately leads to the formation of cell walls that separate the two daughter cells",
cell theory,,,other,,see unified cell theory,
cell wall,,,other,,"rigid cell covering comprised of various molecules that protects the cell, provides structural support, and gives shape to the cell",
cell-cycle checkpoint,,,other,,mechanism that monitors the preparedness of a eukaryotic cell to advance through the various cell-cycle stages,
cell-mediated immune response,,,other,,adaptive immune response that is carried out by T cells,
cell-surface receptor,,,other,,"cell-surface protein that transmits a signal from the exterior of the cell to the interior, even though the ligand does not enter the cell",
cellular cloning,,,other,,production of identical cell populations by binary fission,
cellulose,,,other,,polysaccharide that comprises the plants' cell wall; provides structural support to the cell,
centimorgan (cM),,,other,,"(also, map unit) relative distance that corresponds to a 0,01 recombination frequency",
central dogma,,,other,,"states that genes specify the sequence of mRNAs, which in turn specify the sequence of proteins",
central vacuole,,,other,,"large plant cell organelle that regulates the cell’s storage compartment, holds water, and plays a significant role in cell growth as the site of macromolecule degradation",
centriole,,,other,,rod-like structure constructed of microtubules at the center of each animal cell centrosome,
centromere,,,other,,region at which sister chromatids are bound together; a constricted area in condensed chromosomes,
centrosome,,,other,,region in animal cells made of two centrioles that serves as an organizing center for microtubules,
cephalic phase,,,other,,"first phase of digestion, controlled by the neural response to the stimulus provided by food",
cephalothorax,,,other,,fused head and thorax in some species,
cerebellum,,,other,,"brain structure involved in posture, motor coordination, and learning new motor actions",
cerebral cortex,,,other,,outermost sheet of brain tissue; involved in many higher-order functions,
cerebrospinal fluid (CSF),,,other,,clear liquid that surrounds the brain and spinal cord and fills the ventricles and central canal; acts as a shock absorber and circulates material throughout the brain and spinal cord,
chain termination method,,,other,,method of DNA sequencing using labeled dideoxynucleotides to terminate DNA replication; it is also called the dideoxy method or the Sanger method,
channel,,,other,,width of a river or stream from one bank to the other bank,
channel protein,,,other,,membrane protein that allows a substance to pass through its hollow core across the plasma membrane,
chaperone,,,other,,"(also, chaperonin) protein that helps nascent protein in the folding process",
charophyte,,,other,,other term for green algae; considered the closest relative of land plants,
chelicera,,,other,,modified first pair of appendages in subphylum Chelicerata,
chemical bond,,,other,,interaction between two or more of the same or different atoms that results in forming molecules,
chemical diversity,,,other,,variety of metabolic compounds in an ecosystem,
chemical energy,,,other,,potential energy in chemical bonds that releases when those bonds are broken,
chemical reaction,,,other,,process leading to rearranging atoms in molecules,
chemical reactivity,,,other,,the ability to combine and to chemically bond with each other,
chemical synapse,,,other,,small space between axon terminals and dendrites of nerve cells where neurotransmitters function,
chemiosmosis,,,other,,process in which there is a production of adenosine triphosphate (ATP) in cellular metabolism by the involvement of a proton gradient across a membrane,
chemoautotroph,,,other,,organism that can build organic molecules using energy derived from inorganic chemicals instead of sunlight,
chemotroph,,,other,,organism that obtains energy from chemical compounds,
chiasmata,,,other,,"(singular, chiasma) the structure that forms at the crossover points after genetic material is exchanged",
chitin,,,other,,type of carbohydrate that forms the outer skeleton of all arthropods that include crustaceans and insects; it also forms fungi cell walls,
chloride shift,,,other,,exchange of chloride for bicarbonate into or out of the red blood cell,
chlorophyll,,,other,,green pigment that captures the light energy that drives the light reactions of photosynthesis,
chloroplast,,,other,,plant cell organelle that carries out photosynthesis,
choanocyte,,,other,,"(also, collar cell) sponge cell that functions to generate a water current and to trap and ingest food particles via phagocytosis",
cholecystokinin,,,other,,hormone that stimulates the contraction of the gallbladder to release bile,
chondrocyte,,,other,,cell found in cartilage,
chorion,,,other,,membrane of the egg that surrounds the embryo and yolk sac,
choroid plexus,,,other,,spongy tissue within ventricles that produces cerebrospinal fluid,
chromatid,,,other,,single DNA molecule of two strands of duplicated DNA and associated proteins held together at the centromere,
chromatin,,,other,,protein-DNA complex that serves as the chromosomes' building material,
chromophore,,,other,,molecule that absorbs light,
chromosome,,,other,,"structure within the nucleus that comprises chromatin that contains DNA, the hereditary material",
chromosome inversion,,,other,,"detachment, 180° rotation, and chromosome arm reinsertion",
chronic infection,,,other,,describes when the virus persists in the body for a long period of time,
chylomicron,,,other,,small lipid globule,
chyme,,,other,,mixture of partially digested food and stomach juices,
chymotrypsin,,,other,,pancreatic protease,
chytridiomycosis,,,other,,disease of amphibians caused by the fungus Batrachochytrium dendrobatidis; thought to be a major cause of the global amphibian decline,
cilium,,,other,,"(plural = cilia) short, hair-like structure that extends from the plasma membrane in large numbers and functions to move an entire cell or move substances along the cell's outer surface",
cingulate gyrus,,,other,,helps regulate emotions and pain; thought to directly drive the body’s conscious response to unpleasant experiences,
circadian,,,other,,describes a time cycle about one day in length,
circumduction,,,other,,movement of a limb in a circular motion,
citric acid cycle,,,other,,(also Krebs cycle) series of enzyme-catalyzed chemical reactions of central importance in all living cells for extraction of energy from carbohydrates,
cladistics,,,other,,system to organize homologous traits to describe phylogenies,
class,,,other,,division of phylum in the taxonomic classification system,
classical conditioning,,,other,,association of a specific stimulus and response through conditioning,
clathrates,,,other,,frozen chunks of ice and methane found at the bottom of the ocean,
clathrin,,,other,,"protein that coats the plasma membrane's inward-facing surface and assists in forming specialized structures, like coated pits, for phagocytosis",
clavicle,,,other,,S-shaped bone that positions the arms laterally,
clay,,,other,,soil particles that are less than 0.002 mm in diameter,
cleavage,,,other,,cell divisions subdividing a fertilized egg (zygote) to form a multicellular embryo,
cleavage furrow,,,other,,constriction formed by an actin ring during cytokinesis in animal cells that leads to cytoplasmic division,
climate,,,other,,"long-term, predictable atmospheric conditions present in a specific area",
climax community,,,other,,"final stage of succession, where a stable community is formed by a characteristic assortment of plant and animal species",
cline,,,other,,gradual geographic variation across an ecological gradient,
clitellum,,,other,,"specialized band of fused segments, which aids in reproduction",
clitoris,,,other,,sensory structure in females; stimulated during sexual arousal,
cloaca,,,other,,"common body opening for the digestive, excretory, and reproductive systems found in non-mammals, such as birds",
clonal selection,,,other,,activation of B cells corresponding to one specific BCR variant and the dramatic proliferation of that variant,
clone,,,other,,exact replica,
closed circulatory system,,,other,,system in which the blood is separated from the bodily interstitial fluid and contained in blood vessels,
club mosses,,,other,,earliest group of seedless vascular plants,
cnidocyte,,,other,,specialized stinging cell found in Cnidaria,
cochlea,,,other,,whorled structure that contains receptors for transduction of the mechanical wave into an electrical signal,
codominance,,,other,,"in a heterozygote, complete and simultaneous expression of both alleles for the same characteristic",
codon,,,other,,three consecutive nucleotides in mRNA that specify the insertion of an amino acid or the release of a polypeptide chain during translation,
coelom,,,other,,lined body cavity,
coenocytic hypha,,,other,,single hypha that lacks septa and contains many nuclei,
coenzyme,,,other,,"small organic molecule, such as a vitamin or its derivative, which is required to enhance an enzyme's activity",
cofactor,,,other,,"inorganic ion, such as iron and magnesium ions, required for optimal enzyme activity regulation",
cognitive learning,,,other,,knowledge and skills acquired by the manipulation of information in the mind,
cohesin,,,other,,proteins that form a complex that seals sister chromatids together at their centromeres until anaphase II of meiosis,
cohesion,,,other,,intermolecular forces between water molecules caused by the polar nature of water; responsible for surface tension,
coleoptile,,,other,,"covering of the shoot tip, found in germinating monocot seeds",
coleorhiza,,,other,,"covering of the root tip, found in germinating monocot seeds",
colinear,,,other,,"in terms of RNA and protein, three “units” of RNA (nucleotides) specify one “unit” of protein (amino acid) in a consecutive fashion",
collenchyma cell,,,other,,elongated plant cell with unevenly thickened walls; provides structural support to the stem and leaves,
colloid,,,other,,fluid inside the thyroid gland that contains the glycoprotein thyroglobulin,
columnar epithelia,,,other,,"epithelia made of cells taller than they are wide, specialized in absorption",
commensalism,,,other,,symbiotic relationship in which one member benefits while the other member is not affected,
community,,,other,,set of populations inhabiting a particular area,
compact bone,,,other,,forms the hard external layer of all bones,
companion cell,,,other,,phloem cell that is connected to sieve-tube cells; has large amounts of ribosomes and mitochondria,
competitive exclusion principle,,,other,,no two species within a habitat can coexist when they compete for the same resources at the same place and time,
competitive inhibition,,,other,,type of inhibition in which the inhibitor competes with the substrate molecule by binding to the enzyme's active site,
complement system,,,other,,"array of approximately 20 soluble proteins of the innate immune system that enhance phagocytosis, bore holes in pathogens, and recruit lymphocytes; enhances the adaptive response when antibodies are produced",
compliance,,,other,,measurement of the elasticity of the lung,
compound,,,other,,substance composed of molecules consisting of atoms of at least two different elements,
compound leaf,,,other,,"leaf in which the leaf blade is subdivided to form leaflets, all attached to the midrib",
concentration gradient,,,other,,area of high concentration adjacent to an area of low concentration,
conceptual model,,,other,,"(also, compartment model) ecosystem model that consists of flow charts that show the interactions of different compartments of the living and nonliving components of the ecosystem",
conclusion,,,other,,section of a scientific paper that summarizes the importance of the experimental findings,
condensin,,,other,,proteins that help sister chromatids coil during prophase,
conditioned behavior,,,other,,behavior that becomes associated with a specific stimulus through conditioning,
condyloid joint,,,other,,oval-shaped end of one bone fitting into a similarly oval-shaped hollow of another bone,
cone,,,other,,"weakly photosensitive, chromatic, cone-shaped neuron in the fovea of the retina that detects bright light and is used in daytime color vision",
conifer,,,other,,dominant phylum of gymnosperms with the greatest variety of trees,
conispiral,,,other,,shell shape coiled around a horizontal axis,
conjugation,,,other,,process by which prokaryotes move DNA from one individual to another using a pilus,
connective tissue,,,other,,"type of tissue made of cells, ground substance matrix, and fibers",
consensus,,,other,,DNA sequence that is used by many species to perform the same or similar functions,
conspecifics,,,other,,individuals that are members of the same species,
contig,,,other,,larger sequence of DNA assembled from overlapping shorter sequences,
continuous variation,,,other,,inheritance pattern in which a character shows a range of trait values with small gradations rather than large gaps between them,
contour feather,,,other,,feather that creates an aerodynamic surface for efficient flight,
contraception,,,other,,"(also, birth control) various means used to prevent pregnancy",
contractile vacuole,,,other,,vesicle that fills with water (as it enters the cell by osmosis) and then contracts to squeeze water from the cell; an osmoregulatory vesicle,
control,,,other,,part of an experiment that does not change during the experiment,
convergent evolution,,,other,,process by which groups of organisms independently evolve to similar forms,
coral reef,,,other,,"ocean ridges formed by marine invertebrates living in warm, shallow waters within the photic zone",
core enzyme,,,other,,"prokaryotic RNA polymerase consisting of α, α, β, and β' but missing σ; this complex performs elongation",
corm,,,other,,"rounded, fleshy underground stem that contains stored food",
cornea,,,other,,transparent layer over the front of the eye that helps focus light waves,
corolla,,,other,,collection of petals,
corona,,,other,,wheel-like structure on the anterior portion of the rotifer that contains cilia and moves food and water toward the mouth,
coronary artery,,,other,,vessel that supplies the heart tissue with blood,
coronary vein,,,other,,vessel that takes blood away from the heart tissue back to the chambers in the heart,
corpus callosum,,,other,,thick fiber bundle that connects the cerebral hemispheres,
cortex,,,other,,ground tissue found between the vascular tissue and the epidermis in a stem or root,
cortex (animal),,,other,,outer layer of an organ like the kidney or adrenal gland,
cortical nephron,,,other,,nephron that lies in the renal cortex,
cortical radiate artery,,,other,,artery that radiates from the arcuate arteries into the renal cortex,
corticosteroid,,,other,,hormone released by the adrenal cortex in response to long-term stress,
cortisol,,,other,,glucocorticoid produced in response to stress,
cotyledon,,,other,,"primitive leaf that develops in the zygote; monocots have one cotyledon, and dicots have two cotyledons",
countercurrent exchanger,,,other,,peritubular capillary network that allows exchange of solutes and water from the renal tubules,
countercurrent multiplier,,,other,,osmotic gradient in the renal medulla that is responsible for concentration of urine,
courtship display,,,other,,visual display used to attract a mate,
covalent bond,,,other,,type of strong bond formed between two atoms of the same or different elements; forms when electrons are shared between atoms,
coxal bone,,,other,,hip bone,
cranial bone,,,other,,one of eight bones that form the cranial cavity that encloses the brain and serves as an attachment site for the muscles of the head and neck,
cranial nerve,,,other,,sensory and/or motor nerve that emanates from the brain,
cranium,,,other,,"bony, cartilaginous, or fibrous structure surrounding the brain, jaw, and facial bones",
crop,,,other,,cultivated plant,
cross reactivity,,,other,,binding of an antibody to an epitope corresponding to an antigen that is different from the one the antibody was raised against,
cross-pollination,,,other,,transfer of pollen from the anther of one flower to the stigma of a different flower,
crossover,,,other,,exchange of genetic material between nonsister chromatids resulting in chromosomes that incorporate genes from both parents of the organism,
cryptochrome,,,other,,protein that absorbs light in the blue and ultraviolet regions of the light spectrum,
cryptofauna,,,other,,invertebrates found within the calcium carbonate substrate of coral reefs,
ctenidium,,,other,,specialized gill structure in mollusks,
cuboidal epithelia,,,other,,"epithelia made of cube-shaped cells, specialized in glandular functions",
cutaneous respiration,,,other,,gas exchange through the skin,
cuticle,,,other,,waxy protective layer on the leaf surface,
cuticle (animal),,,other,,"the tough, external layer possessed by members of the invertebrate class Ecdysozoa that is periodically molted and replaced",
cutting,,,other,,method of asexual reproduction where a portion of the stem contains nodes and internodes is placed in moist soil and allowed to root,
cyanobacteria,,,other,,bacteria that evolved from early phototrophs and oxygenated the atmosphere; also known as blue-green algae,
cycad,,,other,,gymnosperm that grows in tropical climates and resembles a palm tree; member of the phylum Cycadophyta,
cyclic AMP (cAMP),,,other,,second messenger that is derived from ATP,
cyclic AMP-dependent kinase,,,other,,"(also, protein kinase A, or PKA) kinase that is activated by binding to cAMP",
cyclin,,,other,,one of a group of proteins that act in conjunction with cyclin-dependent kinases to help regulate the cell cycle by phosphorylating key proteins; the concentrations of cyclins fluctuate throughout the cell cycle,
cyclin-dependent kinase (Cdk),,,other,,one of a group of protein kinases that helps to regulate the cell cycle when bound to cyclin; it functions to phosphorylate other proteins that are either activated or inactivated by phosphorylation,
cypris,,,other,,larval stage in the early development of crustaceans,
cytochrome complex,,,other,,group of reversibly oxidizable and reducible proteins that forms part of the electron transport chain between photosystem II and photosystem I,
cytogenetic mapping,,,other,,technique that uses a microscope to create a map from stained chromosomes,
cytokine,,,other,,"chemical messenger that regulates cell differentiation, proliferation, gene expression, and cell trafficking to effect immune responses",
cytokinesis,,,other,,division of the cytoplasm following mitosis that forms two daughter cells.,
cytokinin,,,other,,plant hormone that promotes cell division,
cytopathic,,,other,,causing cell damage,
cytoplasm,,,other,,"entire region between the plasma membrane and the nuclear envelope, consisting of organelles suspended in the gel-like cytosol, the cytoskeleton, and various chemicals",
cytoplasmic streaming,,,other,,movement of cytoplasm into an extended pseudopod such that the entire cell is transported to the site of the pseudopod,
cytoskeleton,,,other,,"protein fiber network that collectively maintains the cell's shape, secures some organelles in specific positions, allows cytoplasm and vesicles to move within the cell, and enables unicellular organisms to move independently",
cytosol,,,other,,the cytoplasm's gel-like material in which cell structures are suspended,
cytotoxic T lymphocyte (CTL),,,other,,"adaptive immune cell that directly kills infected cells via perforin and granzymes, and releases cytokines to enhance the immune response",
dead space,,,other,,area in the lung that lacks proper ventilation or perfusion,
dead zone,,,other,,"area within an ecosystem in lakes and near the mouths of rivers where large areas of ecosystems are depleted of their normal flora and fauna; these zones can be caused by eutrophication, oil spills, dumping of toxic chemicals, and other human activities",
decomposer,,,other,,organism that carries out the decomposition of dead organisms,
deductive reasoning,,,other,,form of logical thinking that uses a general inclusive statement to predict specific results,
degeneracy,,,other,,"(of the genetic code) describes that a given amino acid can be encoded by more than one nucleotide triplet; the code is degenerate, but not ambiguous",
dehydration synthesis,,,other,,"(also, condensation) reaction that links monomer molecules, releasing a water molecule for each bond formed",
demographic-based population model,,,other,,modern model of population dynamics incorporating many features of the r- and K-selection theory,
demography,,,other,,statistical study of changes in populations over time,
denaturation,,,other,,"loss of shape in a protein as a result of changes in temperature, pH, or chemical exposure",
denature,,,other,,process that changes a substance's natural properties,
dendrite,,,other,,structure that extends away from the cell body to receive messages from other neurons,
dendritic cell,,,other,,immune cell that processes antigen material and presents it on the surface of other cells to induce an immune response,
denitrification,,,other,,"transformation of nitrate from soil to gaseous nitrogen compounds such as N2O, NO, and N2",
density-dependent regulation,,,other,,"regulation of population that is influenced by population density, such as crowding effects; usually involves biotic factors",
density-independent regulation,,,other,,"regulation of populations by factors that operate independent of population density, such as forest fires and volcanic eruptions; usually involves abiotic factors",
dentary,,,other,,single bone that comprises the lower jaw of mammals,
deoxynucleotide,,,other,,individual DNA monomer (single unit),
deoxyribonucleic acid (DNA),,,other,,double-helical molecule that carries the cell's hereditary information,
dephosphorylation,,,other,,removal of a phosphate group from a molecule,
depolarization,,,other,,change in the membrane potential to a less negative value,
depression,,,other,,"movement downward of a bone, such as after the shoulders are shrugged and the scapulae return to their normal position from an elevated position; opposite of elevation",
dermal tissue,,,other,,protective plant tissue covering the outermost part of the plant; controls gas exchange,
descending limb,,,other,,part of the loop of Henle that descends from the renal cortex into the renal medulla,
descriptive science,,,other,,"(also, discovery science) form of science that aims to observe, explore, and investigate",
desmosome,,,other,,linkages between adjacent epithelial cells that form when cadherins in the plasma membrane attach to intermediate filaments,
determinate cleavage,,,other,,cleavage pattern in which developmental fate of each blastomere is tightly defined,
detrital food web,,,other,,type of food web in which the primary consumers consist of decomposers; these are often associated with grazing food webs within the same ecosystem,
deuterostome,,,other,,"blastopore develops into the anus, with the second opening developing into the mouth",
diabetes insipidus,,,other,,disorder caused by underproduction of ADH,
diabetes mellitus,,,other,,disorder caused by low levels of insulin activity,
diabetogenic effect,,,other,,effect of GH that causes blood glucose levels to rise similar to diabetes mellitus,
diacylglycerol (DAG),,,other,,cleavage product of PIP2 that is used for signaling within the plasma membrane,
diaphragm,,,other,,domed-shaped skeletal muscle located under lungs that separates the thoracic cavity from the abdominal cavity,
diaphysis,,,other,,"central shaft of bone, contains bone marrow in a medullary cavity",
diapsid,,,other,,animal having two temporal fenestrae in the cranium,
diarthrosis,,,other,,joint that allows for free movement of the joint; found in synovial joints,
diastole,,,other,,relaxation phase of the cardiac cycle when the heart is relaxed and the ventricles are filling with blood,
dicot,,,other,,"(also, eudicot) related group of angiosperms whose embryos possess two cotyledons",
dideoxynucleotide,,,other,,individual DNA monomer that is missing a hydroxyl group (–OH),
diffusion,,,other,,passive transport process of low-molecular weight material according to its concentration gradient,
digestion,,,other,,mechanical and chemical breakdown of food into small organic fragments,
dihybrid,,,other,,result of a cross between two true-breeding parents that express different traits for two characteristics,
dimer,,,other,,chemical compound formed when two molecules join together,
dimerization,,,other,,(of receptor proteins) interaction of two receptor proteins to form a functional complex called a dimer,
dioecious,,,other,,describes a species in which the male and female reproductive organs are carried on separate specimens,
dipeptidase,,,other,,protease that breaks down peptides to single amino acids; secreted by the brush border of small intestine,
diphyodont,,,other,,refers to the possession of two sets of teeth in a lifetime,
diploblast,,,other,,animal that develops from two germ layers,
diploid,,,other,,"cell, nucleus, or organism containing two sets of chromosomes (2n)",
diplontic,,,other,,diploid stage is the dominant stage,
directional selection,,,other,,selection that favors phenotypes at one end of the spectrum of existing variation,
disaccharide,,,other,,two sugar monomers that a glycosidic bond links,
discontinuous variation,,,other,,inheritance pattern in which traits are distinct and are transmitted independently of one another,
discussion,,,other,,"section of a scientific paper in which the author interprets experimental results, describes how variables may be related, and attempts to explain the phenomenon in question",
dispersal,,,other,,allopatric speciation that occurs when a few members of a species move to a new geographical area,
dissociation,,,other,,"release of an ion from a molecule such that the original molecule now consists of an ion and the charged remains of the original, such as when water dissociates into H+ and OH-",
distal convoluted tubule (DCT),,,other,,part of the renal tubule that is the most distant from the glomerulus,
distraction display,,,other,,visual display used to distract predators away from a nesting site,
divergent evolution,,,other,,process by which groups of organisms evolve in diverse directions from a common point,
diversifying selection,,,other,,selection that favors two or more distinct phenotypes,
dominant,,,other,,trait which confers the same physical appearance whether an individual has two copies of the trait or one copy of the dominant trait and one copy of the recessive trait,
dominant lethal,,,other,,inheritance pattern in which an allele is lethal both in the homozygote and the heterozygote; this allele can only be transmitted if the lethality phenotype occurs after reproductive age,
dormancy,,,other,,period of no growth and very slow metabolic processes,
dorsal cavity,,,other,,body cavity on the posterior or back portion of an animal; includes the cranial and vertebral cavities,
dorsal hollow nerve cord,,,other,,"hollow, tubular structure derived from ectoderm, which is located dorsal to the notochord in chordates",
dorsiflexion,,,other,,bending at the ankle such that the toes are lifted toward the knee,
double circulation,,,other,,flow of blood in two circuits: the pulmonary circuit through the lungs and the systemic circuit through the organs and body,
double fertilization,,,other,,"two fertilization events in angiosperms; one sperm fuses with the egg, forming the zygote, whereas the other sperm fuses with the polar nuclei, forming endosperm",
down feather,,,other,,feather specialized for insulation,
down-regulation,,,other,,a decrease in the number of hormone receptors in response to increased hormone levels,
downstream,,,other,,"nucleotides following the initiation site in the direction of mRNA transcription; in general, sequences that are toward the 3' end relative to a site on the mRNA",
duodenum,,,other,,first part of the small intestine where a large part of digestion of carbohydrates and fats occurs,
dura mater,,,other,,tough outermost layer that covers the central nervous system,
eccrine gland,,,other,,sweat gland,
ecological pyramid,,,other,,"(also, Eltonian pyramid) graphical representation of different trophic levels in an ecosystem based of organism numbers, biomass, or energy content",
ecology,,,other,,study of interaction between living things and their environment,
ecosystem,,,other,,"all the living things in a particular area together with the abiotic, nonliving parts of that environment",
ecosystem diversity,,,other,,variety of ecosystems,
ecosystem dynamics,,,other,,study of the changes in ecosystem structure caused by changes in the environment or internal forces,
ecosystem services,,,other,,human benefits and services provided by natural ecosystems,
ectomycorrhiza,,,other,,mycorrhizal fungi that surround the roots with a mantle and have a Hartig net that extends into the roots between cells,
ectotherm,,,other,,animal incapable of maintaining a relatively constant internal body temperature,
effector cell,,,other,,"lymphocyte that has differentiated, such as a B cell, plasma cell, or cytotoxic T lymphocyte",
efferent arteriole,,,other,,arteriole that exits from the glomerulus,
elastase,,,other,,pancreatic protease,
elastic recoil,,,other,,property of the lung that drives the lung tissue inward,
elastic work,,,other,,"work conducted by the intercostal muscles, chest wall, and diaphragm",
electrocardiogram (ECG),,,other,,recording of the electrical impulses of the cardiac muscle,
electrochemical gradient,,,other,,a combined electrical and chemical force that produces a gradient,
electrogenic pump,,,other,,pump that creates a charge imbalance,
electrolyte,,,other,,"ion necessary for nerve impulse conduction, muscle contractions, and water balance",
electromagnetic spectrum,,,other,,range of all possible frequencies of radiation,
electron,,,other,,negatively charged subatomic particle that resides outside of the nucleus in the electron orbital; lacks functional mass and has a negative charge of –1 unit,
electron configuration,,,other,,"arrangement of electrons in an atom’s electron shell (for example, 1s22s22p6)",
electron microscope,,,other,,an instrument that magnifies an object using an electron beam that passes and bends through a lens system to visualize a specimen,
electron orbital,,,other,,how electrons are spatially distributed surrounding the nucleus; the area where we are most likely to find an electron,
electron transfer,,,other,,movement of electrons from one element to another; important in creating ionic bonds,
electron transport chain,,,other,,group of proteins between PSII and PSI that pass energized electrons and use the energy released by the electrons to move hydrogen ions against their concentration gradient into the thylakoid lumen,
electronegativity,,,other,,"ability of some elements to attract electrons (often of hydrogen atoms), acquiring partial negative charges in molecules and creating partial positive charges on the hydrogen atoms",
electrophoresis,,,other,,technique used to separate DNA fragments according to size,
element,,,other,,one of 118 unique substances that cannot break down into smaller substances; each element has unique properties and a specified number of protons,
elevation,,,other,,"movement of a bone upward, such as when the shoulders are shrugged, lifting the scapulae",
embryophyte,,,other,,other name for land plant; embryo is protected and nourished by the sporophyte,
emergent vegetation,,,other,,"wetland plants that are rooted in the soil but have portions of leaves, stems, and flowers extending above the water’s surface",
emerging disease,,,other,,disease making an initial appearance in a population or that is increasing in incidence or geographic range,
enantiomers,,,other,,"molecules that share overall structure and bonding patterns, but differ in how the atoms are three dimensionally placed such that they are mirror images of each other",
endemic,,,other,,species found only in a specific geographic area that is usually restricted in size,
endemic disease,,,other,,"disease that is constantly present, usually at low incidence, in a population",
endemic species,,,other,,species native to one place,
endergonic,,,other,,describes chemical reactions that require energy input,
endocardium,,,other,,innermost layer of tissue in the heart,
endocarp,,,other,,innermost part of fruit,
endochondral ossification,,,other,,process of bone development from hyaline cartilage,
endocrine cell,,,other,,cell that releases ligands involved in endocrine signaling (hormones),
endocrine gland,,,other,,"gland that secretes hormones into the surrounding interstitial fluid, which then diffuse into blood and are carried to various organs and tissues within the body",
endocrine signal,,,other,,long-distance signal that is delivered by ligands (hormones) traveling through an organism's circulatory system from the signaling cell to the target cell,
endocrine system,,,other,,system that controls the response of the various glands in the body and the release of hormones at the appropriate times,
endocytosis,,,other,,"type of active transport that moves substances, including fluids and particles, into a cell",
endodermis,,,other,,"layer of cells in the root that forms a selective barrier between the ground tissue and the vascular tissue, allowing water and minerals to enter the root while excluding toxins and pathogens",
endomembrane system,,,other,,"group of organelles and membranes in eukaryotic cells that work together modifying, packaging, and transporting lipids and proteins",
endonuclease,,,other,,enzymes that cleave the phosphodiester bond within a polynucleotide chain,
endoplasmic reticulum (ER),,,other,,series of interconnected membranous structures within eukaryotic cells that collectively modify proteins and synthesize lipids,
endoskeleton,,,other,,"skeleton of living cells that produces a hard, mineralized tissue located within the soft tissue of organisms",
endosperm,,,other,,"triploid structure resulting from fusion of a sperm with polar nuclei, which serves as a nutritive tissue for embryo",
endospermic dicot,,,other,,dicot that stores food reserves in the endosperm,
endosymbiosis,,,other,,"engulfment of one cell within another such that the engulfed cell survives, and both cells benefit; the process responsible for the evolution of mitochondria and chloroplasts in eukaryotes",
endosymbiotic theory,,,other,,"theory that states that eukaryotes may have been a product of one cell engulfing another, one living within another, and evolving over time until the separate cells were no longer recognizable as such",
endotherm,,,other,,animal capable of maintaining a relatively constant internal body temperature,
energy budget,,,other,,"allocation of energy resources for body maintenance, reproduction, and parental care",
energy coupling,,,other,,process during which energy released by one reaction is used to drive another reaction,
enhancer,,,other,,"segment of DNA that is upstream, downstream, perhaps thousands of nucleotides away, or on another chromosome that influence the transcription of a specific gene",
enterocoelom,,,other,,coelom formed by fusion of coelomic pouches budded from the endodermal lining of the archenteron,
enterocoely,,,other,,"mesoderm of deuterostomes develops as pouches that are pinched off from endodermal tissue, cavity contained within the pouches becomes coelom",
enthalpy,,,other,,a system's total energy,
entropy (S),,,other,,measure of randomness or disorder within a system,
envelope,,,other,,lipid bilayer that encircles some viruses,
environmental disturbance,,,other,,change in the environment caused by natural disasters or human activities,
enzyme,,,other,,catalyst in a biochemical reaction that is usually a complex or conjugated protein,
enzyme-linked receptor,,,other,,cell-surface receptor with intracellular domains that are associated with membrane-bound enzymes,
eosinophil,,,other,,leukocyte that responds to parasites and is involved in the allergic response,
ependymal,,,other,,cell that lines fluid-filled ventricles of the brain and the central canal of the spinal cord; involved in production of cerebrospinal fluid,
epicardium,,,other,,outermost tissue layer of the heart,
epicotyl,,,other,,embryonic shoot above the cotyledons,
epidemic,,,other,,disease that occurs in an unusually high number of individuals in a population at the same time,
epidermis,,,other,,outer layer (from ectoderm) that lines the outside of the animal,
epigenetic,,,other,,heritable changes that do not involve changes in the DNA sequence,
epilepsy,,,other,,neurological disorder characterized by recurrent seizures,
epinephrine,,,other,,hormone released by the adrenal medulla in response to a short term stress,
epiphyseal plate,,,other,,region between the diaphysis and epiphysis that is responsible for the lengthwise growth of long bones,
epiphysis,,,other,,"rounded end of bone, covered with articular cartilage and filled with red bone marrow, which produces blood cells",
epiphyte,,,other,,plant that grows on other plants but is not dependent upon other plants for nutrition,
epistasis,,,other,,antagonistic interaction between genes such that one gene masks or interferes with the expression of another,
epithelial tissue,,,other,,tissue that either lines or covers organs or other tissues,
epitope,,,other,,"small component of an antigen that is specifically recognized by antibodies, B cells, and T cells; the antigenic determinant",
equilibrium,,,other,,steady state of relative reactant and product concentration in reversible chemical reactions in a closed system,
erythropoietin (EPO),,,other,,hormone produced by the kidneys to stimulate red blood cell production in the bone marrow,
esophagus,,,other,,tubular organ that connects the mouth to the stomach,
essential nutrient,,,other,,nutrient that cannot be synthesized by the body; it must be obtained from food,
estivation,,,other,,torpor in response to extremely high temperatures and low water availability,
estradiol,,,other,,"most potent form of estrogen that is responsible for the development of female secondary female characteristics, maintenance of female reproductive organs, and preparation for pregnancy",
estrogen,,,other,,"reproductive hormone in females that assists in endometrial regrowth, ovulation, and calcium absorption",
estrogens,,,other,,"a group of steroid hormones, including estradiol and several others, that are produced by the ovaries and elicit a suite of characteristics (including increased development of breast tissue, redistribution of fat towards hips, legs, and breast, and the maturation of the uterus and vagina) as well as control the maturation of the ova",
estuary,,,other,,"biomes where a source of fresh water, such as a river, meets the ocean",
ethology,,,other,,biological study of animal behavior,
ethylene,,,other,,"volatile plant hormone that is associated with fruit ripening, flower wilting, and leaf fall",
eucoelomate,,,other,,animal with a body cavity completely lined with mesodermal tissue,
eukaryote,,,other,,organism with cells that have nuclei and membrane-bound organelles,
eukaryote-first hypothesis,,,other,,proposal that prokaryotes evolved from eukaryotes,
eukaryotic cell,,,other,,cell that has a membrane-bound nucleus and several other membrane-bound compartments or sacs,
eukaryotic initiation factor-2 (eIF-2),,,other,,protein that binds first to an mRNA to initiate translation,
euploid,,,other,,individual with the appropriate number of chromosomes for their species,
eutherian mammal,,,other,,"mammal that possesses a complex placenta, which connects a fetus to the mother; sometimes called placental mammals",
eutrophication,,,other,,"process whereby nutrient runoff causes the excess growth of microorganisms, depleting dissolved oxygen levels and killing ecosystem fauna",
evaporation,,,other,,"change from liquid to gaseous state at a body of water's surface, plant leaves, or an organism's skin",
eversion,,,other,,"movement of the sole of the foot outward, away from the midline of the body; opposite of inversion",
evolution,,,other,,the process of gradual change in a population or species over time,
evolutionary fitness,,,other,,"(also, Darwinian fitness) individual’s ability to survive and reproduce",
excitatory postsynaptic potential (EPSP),,,other,,depolarization of a postsynaptic membrane caused by neurotransmitter molecules released from a presynaptic cell,
exergonic,,,other,,describes chemical reactions that release free energy,
exine,,,other,,outermost covering of pollen,
exocarp,,,other,,outermost covering of a fruit,
exocytosis,,,other,,process of passing bulk material out of a cell,
exon,,,other,,sequence present in protein-coding mRNA after completion of pre-mRNA splicing,
exonuclease,,,other,,enzymes that cleave nucleotides one at a time from the end of a polynucleotide chain,
exoskeleton,,,other,,a secreted cellular product external skeleton that consists of a hard encasement on the surface of an organism,
exotic species,,,other,,"(also, invasive species) species that has been introduced to an ecosystem in which it did not evolve",
expiratory reserve volume (ERV),,,other,,amount of additional air that can be exhaled after a normal exhalation,
exponential growth,,,other,,accelerating growth pattern seen in species under conditions where resources are not limiting,
expressed sequence tag (EST),,,other,,short STS that is identified with cDNA,
extant,,,other,,still-living species,
extension,,,other,,movement in which the angle between the bones of a joint increases; opposite of flexion,
external fertilization,,,other,,"fertilization of egg by sperm outside animal body, often during spawning",
extinct,,,other,,no-longer-existing species,
extinction,,,other,,disappearance of a species from Earth; local extinction is the disappearance of a species from a region,
extinction rate,,,other,,"number of species becoming extinct over time, sometimes defined as extinctions per million species–years to make numbers manageable (E/MSY)",
extracellular digestion,,,other,,"food is taken into the gastrovascular cavity, enzymes are secreted into the cavity, and the cells lining the cavity absorb nutrients",
extracellular domain,,,other,,region of a cell-surface receptor that is located on the cell surface,
extracellular matrix,,,other,,material secreted from animal or fungal cells that provides mechanical protection and anchoring for the cells in the tissue,
extremophile,,,other,,organism that grows under extreme or harsh conditions,
facial bone,,,other,,"one of the 14 bones that form the face; provides cavities for the sense organs (eyes, mouth, and nose) and attachment points for facial muscles",
facilitated transport,,,other,,process by which material moves down a concentration gradient (from high to low concentration) using integral membrane proteins,
facultative anaerobes,,,other,,organisms that can perform both aerobic and anaerobic respiration and can survive in oxygen-rich and oxygen-poor environment,
fall and spring turnover,,,other,,seasonal process that recycles nutrients and oxygen from the bottom of a freshwater ecosystem to the top,
fallout,,,other,,direct deposit of solid minerals on land or in the ocean from the atmosphere,
false negative,,,other,,incorrect test result that should have been positive,
falsifiable,,,other,,able to be disproven by experimental results,
family,,,other,,division of order in the taxonomic classification system,
fecundity,,,other,,potential reproductive capacity of an individual,
feedback inhibition,,,other,,a product's effect of a reaction sequence to decrease its further production by inhibiting the first enzyme's activity in the pathway that produces it,
femur,,,other,,"(also, thighbone) longest, heaviest, and strongest bone in the body",
fermentation,,,other,,process of regenerating NAD+ with either an inorganic or organic compound serving as the final electron acceptor; occurs in the absence of oxygen,
fern,,,other,,seedless vascular plant that produces large fronds; the most advanced group of seedless vascular plants,
fertilization,,,other,,union of two haploid cells from two individual organisms,
fibrous connective tissue,,,other,,type of connective tissue with a high concentration of fibers,
fibrous joint,,,other,,joint held together by fibrous connective tissue,
fibrous root system,,,other,,"type of root system in which the roots arise from the base of the stem in a cluster, forming a dense network of roots; found in monocots",
fibula,,,other,,"(also, calf bone) parallels and articulates with the tibia",
filament,,,other,,thin stalk that links the anther to the base of the flower,
first messenger,,,other,,the hormone that binds to a plasma membrane hormone receptor to trigger a signal transduction pathway,
fission,,,other,,"(also, binary fission) method by which multicellular organisms increase in size or asexual reproduction in which a unicellular organism splits into two separate organisms by mitosis",
fixed action pattern,,,other,,"series of instinctual behaviors that, once initiated, always goes to completion regardless of changes in the environment",
flagellum,,,other,,"(plural = flagella) long, hair-like structure that extends from the plasma membrane and moves the cell",
flame cell,,,other,,"(also, protonephridia) excretory cell found in flatworms",
flat bone,,,other,,thin and relatively broad bone found where extensive protection of organs is required or where broad surfaces of muscle attachment are required,
flexion,,,other,,movement in which the angle between the bones decreases; opposite of extension,
flight feather,,,other,,feather specialized for flight,
flow-resistive,,,other,,work of breathing performed by the alveoli and tissues in the lung,
flower,,,other,,"branches specialized for reproduction found in some seed-bearing plants, containing either specialized male or female organs or both male and female organs",
fluid mosaic model,,,other,,"describes the plasma membrane's structure as a mosaic of components including phospholipids, cholesterol, proteins, glycoproteins, and glycolipids (sugar chains attached to proteins or lipids, respectively), resulting in a fluid character (fluidity)",
follicle stimulating hormone (FSH),,,other,,reproductive hormone that causes sperm production in males and follicle development in females,
follicle-stimulating hormone (FSH),,,other,,hormone produced by the anterior pituitary that stimulates gamete production,
food chain,,,other,,"linear representation of a chain of primary producers, primary consumers, and higher-level consumers used to describe ecosystem structure and dynamics",
food web,,,other,,"graphic representation of a holistic, nonlinear web of primary producers, primary consumers, and higher-level consumers used to describe ecosystem structure and dynamics",
foodborne disease,,,other,,"any illness resulting from the consumption of contaminated food, or of the pathogenic bacteria, viruses, or other parasites that contaminate food",
foraging,,,other,,behaviors species use to find food,
forced expiratory volume (FEV),,,other,,"(also, forced vital capacity) measure of how much air can be forced out of the lung from maximal inspiration over a specific amount of time",
forearm,,,other,,extends from the elbow to the wrist and consists of two bones: the ulna and the radius,
foreign DNA,,,other,,DNA that belongs to a different species or DNA that is artificially synthesized,
foundation species,,,other,,species which often forms the major structural portion of the habitat,
founder effect,,,other,,"event that initiates an allele frequency change in part of the population, which is not typical of the original population",
fovea,,,other,,region in the center of the retina with a high density of photoreceptors and which is responsible for acute vision,
fragmentation,,,other,,cutting or fragmenting of the original animal into parts and the growth of a separate animal from each part,
free energy,,,other,,"Gibbs free energy is the usable energy, or energy that is available to do work",
free nerve ending,,,other,,"ending of an afferent neuron that lacks a specialized structure for detection of sensory stimuli; some respond to touch, pain, or temperature",
frequency-dependent selection,,,other,,selection that favors phenotypes that are either common (positive frequency-dependent selection) or rare (negative frequency-dependent selection),
frog,,,other,,tail-less amphibian that belongs to the clade Anura,
frontal (coronal) plane,,,other,,plane cutting through an animal separating the individual into front and back portions,
frontal lobe,,,other,,"part of the cerebral cortex that contains the motor cortex and areas involved in planning, attention, and language",
fruit,,,other,,thickened tissue derived from ovary wall that protects the embryo after fertilization and facilitates seed dispersal,
functional group,,,other,,group of atoms that provides or imparts a specific function to a carbon skeleton,
functional residual capacity (FRC),,,other,,expiratory reserve volume plus residual volume,
functional vital capacity (FVC),,,other,,amount of air that can be forcibly exhaled after taking the deepest breath possible,
furcula,,,other,,wishbone formed by the fusing of the clavicles,
fusiform,,,other,,animal body shape that is tubular and tapered at both ends,
fusion,,,other,,"method of entry by some enveloped viruses, where the viral envelope fuses with the plasma membrane of the host cell",
gall,,,other,,appearance of a plant tumor,
gallbladder,,,other,,organ that stores and concentrates bile,
gametangium,,,other,,structure on the gametophyte in which gametes are produced,
gamete,,,other,,"haploid reproductive cell or sex cell (sperm, pollen grain, or egg)",
gametic barrier,,,other,,"prezygotic barrier occurring when closely related individuals of different species mate, but differences in their gamete cells (eggs and sperm) prevent fertilization from taking place",
gametophyte,,,other,,a multicellular haploid life-cycle stage that produces gametes,
gap junction,,,other,,"channel between two adjacent animal cells that allows ions, nutrients, and low molecular weight substances to pass between cells, enabling the cells to communicate",
gastric inhibitory peptide,,,other,,hormone secreted by the small intestine in the presence of fatty acids and sugars; it also inhibits acid production and peristalsis in order to slow down the rate at which food enters the small intestine,
gastric phase,,,other,,digestive phase beginning once food enters the stomach; gastric acids and enzymes process the ingested materials,
gastrin,,,other,,hormone which stimulates hydrochloric acid secretion in the stomach,
gastrodermis,,,other,,inner layer (from endoderm) that lines the digestive cavity,
gastrovascular cavity,,,other,,"opening that serves as both a mouth and an anus, which is termed an incomplete digestive system",
gastrula,,,other,,stage of animal development characterized by the formation of the digestive cavity,
gastrulation,,,other,,process in which the blastula folds over itself to form the three germ layers,
gel electrophoresis,,,other,,technique used to separate molecules on the basis of size using electric charge,
gemma,,,other,,"(plural, gemmae) leaf fragment that spreads for asexual reproduction",
gemmule,,,other,,structure produced by asexual reproduction in freshwater sponges where the morphology is inverted,
gene,,,other,,"physical and functional unit of heredity, a sequence of DNA that codes for a protein.",
gene expression,,,other,,processes that control the turning on or turning off of a gene,
gene flow,,,other,,flow of alleles in and out of a population due to the individual or gamete migration,
gene pool,,,other,,all the alleles that the individuals in the population carry,
gene targeting,,,other,,method for altering the sequence of a specific gene by introducing the modified version on a vector,
gene therapy,,,other,,technique used to cure inheritable diseases by replacing mutant genes with good genes,
gene transfer agent (GTA),,,other,,bacteriophage-like particle that transfers random genomic segments from one species of prokaryote to another,
genetic diagnosis,,,other,,diagnosis of the potential for disease development by analyzing disease-causing genes,
genetic diversity,,,other,,"variety of genes in a species or other taxonomic group or ecosystem, the term can refer to allelic diversity or genome-wide diversity",
genetic drift,,,other,,effect of chance on a population’s gene pool,
genetic engineering,,,other,,alteration of the genetic makeup of an organism,
genetic map,,,other,,outline of genes and their location on a chromosome,
genetic marker,,,other,,gene or sequence on a chromosome with a known location that is associated with a specific trait,
genetic recombination,,,other,,DNA exchange between homologous chromosome pairs,
genetic structure,,,other,,distribution of the different possible genotypes in a population,
genetic testing,,,other,,process of testing for the presence of disease-causing genes,
genetic variability,,,other,,diversity of alleles and genotypes in a population,
genetically modified organism (GMO),,,other,,organism whose genome has been artificially changed,
genome,,,other,,total genetic information of a cell or organism,
genome annotation,,,other,,process of attaching biological information to gene sequences,
genome fusion,,,other,,"fusion of two prokaryotic genomes, presumably by endosymbiosis",
genome mapping,,,other,,process of finding the location of genes on each chromosome,
genomic library,,,other,,collection of cloned DNA which represents all of the sequences and fragments from a genome,
genomics,,,other,,"study of entire genomes including the complete set of genes, their nucleotide sequence and organization, and their interactions within a species and with other species",
genotype,,,other,,"underlying genetic makeup, consisting of both physically visible and non-expressed alleles, of an organism",
genus,,,other,,division of family in the taxonomic classification system; the first part of the binomial scientific name,
geographical variation,,,other,,differences in the phenotypic variation between populations that are separated geographically,
geometric isomer,,,other,,isomer with similar bonding patterns differing in the placement of atoms alongside a double covalent bond,
germ cells,,,other,,"specialized cell line that produces gametes, such as eggs or sperm",
germ layer,,,other,,"collection of cells formed during embryogenesis that will give rise to future body tissues, more pronounced in vertebrate embryogenesis",
gestation,,,other,,length of time for fetal development to birth,
gibberellin (GA),,,other,,"plant hormone that stimulates shoot elongation, seed germination, and the maturation and dropping of fruit and flowers",
gigantism,,,other,,condition caused by overproduction of GH in children,
gill circulation,,,other,,circulatory system that is specific to animals with gills for gas exchange; the blood flows through the gills for oxygenation,
ginkgophyte,,,other,,"gymnosperm with one extant species, the Ginkgo biloba: a tree with fan-shaped leaves",
gizzard,,,other,,muscular organ that grinds food,
glabrous,,,other,,"describes the non-hairy skin found on palms and fingers, soles of feet, and lips of humans and other primates",
glia,,,other,,"(also, glial cells) cells that provide support functions for neurons",
gliding movement,,,other,,when relatively flat bone surfaces move past each other,
global climate change,,,other,,"altered global weather patterns, including a worldwide increase in temperature, due largely to rising levels of atmospheric carbon dioxide",
glomerular filtration,,,other,,filtration of blood in the glomerular capillary network into the glomerulus,
glomerular filtration rate (GFR),,,other,,amount of filtrate formed by the glomerulus per minute,
glomerulus,,,other,,"in the olfactory bulb, one of the two neural clusters that receives signals from one type of olfactory receptor",
glomerulus (renal),,,other,,part of the renal corpuscle that contains the capillary network,
glucagon,,,other,,hormone produced by the alpha cells of the pancreas in response to low blood sugar; functions to raise blood sugar levels,
glucocorticoid,,,other,,corticosteroid that affects glucose metabolism,
gluconeogenesis,,,other,,synthesis of glucose from amino acids,
glucose-sparing effect,,,other,,effect of GH that causes tissues to use fatty acids instead of glucose as an energy source,
glycogen,,,other,,storage carbohydrate in animals,
glycogenolysis,,,other,,breakdown of glycogen into glucose,
glycolipid,,,other,,combination of carbohydrates and lipids,
glycolysis,,,other,,process of breaking glucose into two three-carbon molecules with the production of ATP and NADH,
glycoprotein,,,other,,combination of carbohydrates and proteins,
glycosidic bond,,,other,,bond formed by a dehydration reaction between two monosaccharides with eliminating a water molecule,
gnathostome,,,other,,jawed fish,
gnetophyte,,,other,,"gymnosperm shrub with varied morphological features that produces vessel elements in its woody tissues; the phylum includes the genera Ephedra, Gnetum, and Welwitschia",
goiter,,,other,,enlargement of the thyroid gland caused by insufficient dietary iodine levels,
gomphosis,,,other,,the joint in which the tooth fits into the socket like a peg,
gonadotropin,,,other,,"hormone that regulates the gonads, including FSH and LH",
gonadotropin-releasing hormone (GnRH),,,other,,hormone from the hypothalamus that causes the release of FSH and LH from the anterior pituitary,
good genes hypothesis,,,other,,theory of sexual selection that argues individuals develop impressive ornaments to show off their efficient metabolism or ability to fight disease,
gradual speciation model,,,other,,model that shows how species diverge gradually over time in small steps,
grafting,,,other,,method of asexual reproduction where the stem from one plant species is spliced to a different plant,
granum,,,other,,stack of thylakoids located inside a chloroplast,
granzyme,,,other,,protease that enters target cells through perforin and induces apoptosis in the target cells; used by NK cells and killer T cells,
gravitropism,,,other,,response of a plant growth in the same direction as gravity,
grazing food web,,,other,,type of food web in which the primary producers are either plants on land or phytoplankton in the water; often associated with a detrital food web within the same ecosystem,
greenhouse effect,,,other,,warming of Earth due to carbon dioxide and other greenhouse gases in the atmosphere,
greenhouse gases,,,other,,"atmospheric gases such as carbon dioxide and methane that absorb and emit radiation, thus trapping heat in Earth’s atmosphere",
gross primary productivity,,,other,,rate at which photosynthetic primary producers incorporate energy from the sun,
ground tissue,,,other,,"plant tissue involved in photosynthesis; provides support, and stores water and sugars",
group I virus,,,other,,virus with a dsDNA genome,
group II virus,,,other,,virus with an ssDNA genome,
group III virus,,,other,,virus with a dsRNA genome,
group IV virus,,,other,,virus with an ssRNA genome with positive polarity,
group V virus,,,other,,virus with an ssRNA genome with negative polarity,
group VI virus,,,other,,virus with an ssRNA genome converted into dsDNA by reverse transcriptase,
group VII virus,,,other,,virus with a single-stranded mRNA converted into dsDNA for genome replication,
growth factor,,,other,,ligand that binds to cell-surface receptors and stimulates cell growth,
growth hormone (GH),,,other,,hormone produced by the anterior pituitary that promotes protein synthesis and body growth,
growth hormone-inhibiting hormone (GHIH),,,other,,"hormone produced by the hypothalamus that inhibits growth hormone production, also called somatostatin",
growth hormone-releasing hormone (GHRH),,,other,,hormone released by the hypothalamus that triggers the release of GH,
guanine diphosphate (GDP),,,other,,molecule that is left after the energy is used to start translation,
guanosine triphosphate (GTP),,,other,,energy-providing molecule that binds to eIF-2 and is needed for translation,
guard cells,,,other,,paired cells on either side of a stoma that control stomatal opening and thereby regulate the movement of gases and water vapor,
gustation,,,other,,sense of taste,
gymnosperm,,,other,,seed plant with naked seeds (seeds exposed on modified leaves or in cones),
gynoecium,,,other,,"(also, carpel) structure that constitutes the female reproductive organ",
gyrus,,,other,,(plural: gyri) ridged protrusions in the cortex,
habitat isolation,,,other,,"reproductive isolation resulting when species' populations move or are moved to a new habitat, taking up residence in a place that no longer overlaps with the same species' other populations",
habituation,,,other,,ability of a species to ignore repeated stimuli that have no consequence,
hagfish,,,other,,eel-like jawless fish that live on the ocean floor and are scavengers,
hairpin,,,other,,structure of RNA when it folds back on itself and forms intramolecular hydrogen bonds between complementary nucleotides,
halophile,,,other,,organism that require a salt concentration of at least 0.2 M,
handicap principle,,,other,,theory of sexual selection that argues only the fittest individuals can afford costly traits,
haplodiplodontic,,,other,,haploid and diploid stages alternate,
haploid,,,other,,"cell, nucleus, or organism containing one set of chromosomes (n)",
haplontic,,,other,,haploid stage is the dominant stage,
haustoria,,,other,,"modified hyphae on many parasitic fungi that penetrate the tissues of their hosts, release digestive enzymes, and/or absorb nutrients from the host",
haze-effect cooling,,,other,,effect of the gases and solids from a volcanic eruption on global climate,
heat,,,other,,energy transferred from one system to another that is not work (energy of the molecules' motion or particles),
heat energy,,,other,,total bond energy of reactants or products in a chemical reaction,
heat of vaporization of water,,,other,,high amount of energy required for liquid water to turn into water vapor,
heirloom seed,,,other,,"seed from a plant that was grown historically, but has not been used in modern agriculture on a large scale",
helicase,,,other,,"during replication, this enzyme helps to open up the DNA helix by breaking the hydrogen bonds",
heme group,,,other,,centralized iron-containing group that is surrounded by the alpha and beta subunits of hemoglobin,
hemizygous,,,other,,"presence of only one allele for a characteristic, as in X-linkage; hemizygosity makes descriptions of dominance and recessiveness irrelevant",
hemocoel,,,other,,internal body cavity seen in arthropods,
hemoglobin,,,other,,"molecule in red blood cells that can bind oxygen, carbon dioxide, and carbon monoxide",
hemolymph,,,other,,mixture of blood and interstitial fluid that is found in insects and other arthropods as well as most mollusks,
herbaceous,,,other,,grass-like plant noticeable by the absence of woody tissue,
herbivore,,,other,,animal that consumes a strictly plant diet,
herbivory,,,other,,consumption of plants by insects and other animals,
heritability,,,other,,fraction of population variation that can be attributed to its genetic variability,
hermaphrodite,,,other,,referring to an animal where both male and female gonads are present in the same individual,
hermaphroditism,,,other,,state of having both male and female reproductive parts within the same individual organism; refers only to nonhuman animals,
heterodont tooth,,,other,,different types of teeth that are modified for different purposes,
heterogeneity,,,other,,number of ecological niches,
heterospecifics,,,other,,individuals that are members of different species,
heterosporous,,,other,,produces two types of spores,
heterothallic,,,other,,describes when only one mating type is present in an individual mycelium,
heterotroph,,,other,,organism that consumes organic substances or other organisms for food,
heterozygous,,,other,,having two different alleles for a given gene on the homologous chromosome,
hibernation,,,other,,"torpor over a long period of time, such as a winter",
hilum,,,other,,"region in the renal pelvis where blood vessels, nerves, and ureters bunch before entering or exiting the kidney",
hinge joint,,,other,,slightly rounded end of one bone fits into the slightly hollow end of the other bone,
hippocampus,,,other,,brain structure in the temporal lobe involved in processing memories,
histone,,,other,,"one of several similar, highly conserved, low molecular weight, basic proteins found in the chromatin of all eukaryotic cells; associates with DNA to form nucleosomes",
histone acetylation,,,other,,epigenetic modification that leads to gene expression; a process involving adding or removing an acetyl functional group,
holistic ecosystem model,,,other,,"study that attempts to quantify the composition, interactions, and dynamics of entire ecosystems; often limited by economic and logistical difficulties, depending on the ecosystem",
holoblastic,,,other,,complete cleavage; takes place in cells with a small amount of yolk,
holoenzyme,,,other,,"prokaryotic RNA polymerase consisting of α, α, β, β', and σ; this complex is responsible for transcription initiation",
homeostasis,,,other,,ability of an organism to maintain constant internal conditions,
hominin,,,other,,species that are more closely related to humans than chimpanzees,
hominoid,,,other,,pertaining to great apes and humans,
homologous chromosomes,,,other,,"chromosomes of the same morphology with genes in the same location; diploid organisms have pairs of homologous chromosomes (homologs), with each homolog derived from a different parent",
homologous recombination,,,other,,"process by which homologous chromosomes undergo reciprocal physical exchanges at their arms, also crossing over",
homologous structures,,,other,,parallel structures in diverse organisms that have a common ancestor,
homosporous,,,other,,produces one type of spore,
homothallic,,,other,,describes when both mating types are present in mycelium,
homozygous,,,other,,having two identical alleles for a given gene on the homologous chromosome,
honest signal,,,other,,trait that gives a truthful impression of an individual’s fitness,
horizon,,,other,,"soil layer with distinct physical and chemical properties, which differs from other layers depending on how and when it was formed",
horizontal gene transfer (HGT),,,other,,"(also, lateral gene transfer) transfer of genes between unrelated species",
horizontal transmission,,,other,,transmission of a disease between unrelated individuals,
hormonal stimuli,,,other,,release of a hormone in response to another hormone,
hormone,,,other,,"chemical signaling molecule, usually protein or steroid, secreted by endocrine cells that act to control or regulate specific physiological processes",
hormone receptor,,,other,,the cellular protein that binds to a hormone,
hornworts,,,other,,group of non-vascular plants in which stomata appear,
horsetail,,,other,,seedless vascular plant characterized by joints,
host,,,other,,an organism that is invaded by a pathogen or parasite,
host DNA,,,other,,DNA that is present in the genome of the organism of interest,
humerus,,,other,,only bone of the arm,
humoral immune response,,,other,,adaptive immune response that is controlled by activated B cells and antibodies,
humoral stimuli,,,other,,control of hormone release in response to changes in extracellular fluids such as blood or the ion concentration in the blood,
humus,,,other,,"organic material of soil; made up of microorganisms, dead animals, and plants in varying stages of decay",
hybrid,,,other,,"offspring of two closely related individuals, not of the same species",
hybrid zone,,,other,,"area where two closely related species continue to interact and reproduce, forming hybrids",
hybridization,,,other,,process of mating two individuals that differ with the goal of achieving a certain characteristic in their offspring,
hydrocarbon,,,other,,molecule that consists only of carbon and hydrogen,
hydrogen bond,,,other,,weak bond between slightly positively charged hydrogen atoms and slightly negatively charged atoms in other molecules,
hydrogenosome,,,other,,organelle carried by parabasalids (Excavata) that functions anaerobically and outputs hydrogen gas as a byproduct; likely evolved from mitochondria,
hydrolysis,,,other,,reaction that causes breakdown of larger molecules into smaller molecules by utilizing water,
hydrophilic,,,other,,describes ions or polar molecules that interact well with other polar molecules such as water,
hydrophobic,,,other,,describes uncharged nonpolar molecules that do not interact well with polar molecules such as water,
hydrosphere,,,other,,area of the Earth where water movement and storage occurs,
hydrostatic skeleton,,,other,,skeleton that consists of aqueous fluid held under pressure in a closed body compartment,
hydrothermal vent,,,other,,fissure in Earth’s surface that releases geothermally heated water,
hyoid bone,,,other,,lies below the mandible in the front of the neck,
hyperextension,,,other,,extension past the regular anatomical position,
hyperglycemia,,,other,,high blood sugar level,
hyperopia,,,other,,"(also, farsightedness) visual defect in which the image focus falls behind the retina, thereby making images in the distance clear, but close-up images blurry",
hyperplasia,,,other,,abnormally high cell growth and division,
hyperpolarization,,,other,,change in the membrane potential to a more negative value,
hypersensitivities,,,other,,"spectrum of maladaptive immune responses toward harmless foreign particles or self antigens; occurs after tissue sensitization and includes immediate-type (allergy), delayed-type, and autoimmunity",
hyperthermophile,,,other,,organism that grows at temperatures between 80–122 °C,
hyperthyroidism,,,other,,overactivity of the thyroid gland,
hypertonic,,,other,,"situation in which extracellular fluid has a higher osmolarity than the fluid inside the cell, resulting in water moving out of the cell",
hypha,,,other,,fungal filament composed of one or more cells,
hypocotyl,,,other,,embryonic axis above the cotyledons,
hypoglycemia,,,other,,low blood sugar level,
hypophyseal portal system,,,other,,system of blood vessels that carries hormones from the hypothalamus to the anterior pituitary,
hypoplasia,,,other,,abnormally low cell growth and division,
hypothalamus,,,other,,brain structure that controls hormone release and body homeostasis,
hypothesis,,,other,,"suggested explanation for an observation, which one can test",
hypothesis-based science,,,other,,form of science that begins with a specific question and potential testable answers,
hypothyroidism,,,other,,underactivity of the thyroid gland,
hypotonic,,,other,,"situation in which extracellular fluid has a lower osmolarity than the fluid inside the cell, resulting in water moving into the cell",
ileum,,,other,,last part of the small intestine; connects the small intestine to the large intestine; important for absorption of B-12,
immune tolerance,,,other,,acquired ability to prevent an unnecessary or harmful immune response to a detected foreign body known not to cause disease or to self-antigens,
immunodeficiency,,,other,,"failure, insufficiency, or delay at any level of the immune system, which may be acquired or inherited",
imprinting,,,other,,identification of parents by newborns as the first organism they see after birth,
inbreeding,,,other,,mating of closely related individuals,
inbreeding depression,,,other,,increase in abnormalities and disease in inbreeding populations,
incomplete dominance,,,other,,"in a heterozygote, expression of two contrasting alleles such that the individual displays an intermediate phenotype",
incus,,,other,,"(also, anvil) second of the three bones of the middle ear",
indeterminate cleavage,,,other,,"cleavage pattern in which individual blastomeres have the character of ""stem cells,"" and are not yet predetermined to develop into specific cell types",
induced fit,,,other,,"dynamic fit between the enzyme and its substrate, in which both components modify their structures to allow for ideal binding",
induced mutation,,,other,,mutation that results from exposure to chemicals or environmental agents,
inducer,,,other,,a small molecule that either activates or represses transcription,
inducible operon,,,other,,operon that can be activated or repressed depending on cellular needs and the surrounding environment,
inductive reasoning,,,other,,form of logical thinking that uses related observations to arrive at a general conclusion,
inert gas,,,other,,"(also, noble gas) element with filled outer electron shell that is unreactive with other atoms",
inferior vena cava,,,other,,drains blood from the veins that come from the lower organs and the legs,
infertility,,,other,,"inability to conceive, carry, and deliver children",
inflammation,,,other,,"localized redness, swelling, heat, and pain that results from the movement of leukocytes and fluid through opened capillaries to a site of infection",
ingestion,,,other,,act of taking in food,
inhibin,,,other,,hormone made by Sertoli cells; provides negative feedback to hypothalamus in control of FSH and GnRH release,
inhibitor,,,other,,molecule that binds to a protein (usually an enzyme) and keeps it from functioning,
inhibitory postsynaptic potential (IPSP),,,other,,hyperpolarization of a postsynaptic membrane caused by neurotransmitter molecules released from a presynaptic cell,
initiation complex,,,other,,protein complex containing eIF-2 that starts translation,
initiation site,,,other,,nucleotide from which mRNA synthesis proceeds in the 5' to 3' direction; denoted with a “+1”,
initiator tRNA,,,other,,"in prokaryotes, called tRNAfMet; in eukaryotes, called tRNAi; a tRNA that interacts with a start codon, binds directly to the ribosome P site, and links to a special methionine to begin a polypeptide chain",
innate behavior,,,other,,instinctual behavior that is not altered by changes in the environment,
innate immunity,,,other,,"immunity that occurs naturally because of genetic factors or physiology, and is not induced by infection or vaccination",
inner cell mass,,,other,,inner layer of cells in the blastocyst,
inner ear,,,other,,innermost part of the ear; consists of the cochlea and the vestibular system,
inorganic compound,,,other,,chemical compound that does not contain carbon; it is not part of or produced by a living organism,
inositol phospholipid,,,other,,lipid present at small concentrations in the plasma membrane that is converted into a second messenger; it has inositol (a carbohydrate) as its hydrophilic head group,
insectivorous plant,,,other,,plant that has specialized leaves to attract and digest insects,
inspiratory capacity (IC),,,other,,tidal volume plus inspiratory reserve volume,
inspiratory reserve volume (IRV),,,other,,amount of additional air that can be inspired after a normal inhalation,
insulin,,,other,,hormone produced by the beta cells of the pancreas in response to high blood glucose levels; functions to lower blood glucose levels,
insulin-like growth factor (IGF),,,other,,growth-promoting protein produced by the liver,
integral protein,,,other,,protein integrated into the membrane structure that interacts extensively with the membrane lipids' hydrocarbon chains and often spans the membrane,
integument,,,other,,"layer of sporophyte tissue that surrounds the megasporangium, and later, the embryo",
intercalary meristem,,,other,,meristematic tissue located at nodes and the bases of leaf blades; found only in monocots,
intercellular signaling,,,other,,communication between a cell,
intercostal muscle,,,other,,muscle connected to the rib cage that contracts upon inspiration,
interferon,,,other,,cytokine that inhibits viral replication and modulates the immune response,
interkinesis,,,other,,"(also, interphase II) brief period of rest between meiosis I and meiosis II",
interlobar artery,,,other,,artery that branches from the segmental artery and travels in between the renal lobes,
intermediate filament,,,other,,"cytoskeletal component, comprised of several fibrous protein intertwined strands, that bears tension, supports cell-cell junctions, and anchors cells to extracellular structures",
intermittent symptom,,,other,,symptom that occurs periodically,
internal fertilization,,,other,,fertilization of egg by sperm inside the body of the female,
internal receptor,,,other,,"(also, intracellular receptor) receptor protein that is located in the cytosol of a cell and binds to ligands that pass through the plasma membrane",
internode,,,other,,region between nodes on the stem,
interphase,,,other,,"period of the cell cycle leading up to mitosis; includes G1, S, and G2 phases (the interim period between two consecutive cell divisions)",
intersexual selection,,,other,,selection of a desirable mate of the opposite sex,
interspecific competition,,,other,,competition between species for resources in a shared habitat or environment,
interstitial cell of Leydig,,,other,,cell in seminiferous tubules that makes testosterone,
interstitial fluid,,,other,,fluid between cells,
intertidal zone,,,other,,part of the ocean that is closest to land; parts extend above the water at low tide,
intervertebral disc,,,other,,composed of fibrous cartilage; lies between adjacent vertebrae from the second cervical vertebra to the sacrum,
intestinal phase,,,other,,third digestive phase; begins when chyme enters the small intestine triggering digestive secretions and controlling the rate of gastric emptying,
intine,,,other,,inner lining of the pollen,
intracellular hormone receptor,,,other,,a hormone receptor in the cytoplasm or nucleus of a cell,
intracellular mediator,,,other,,"(also, second messenger) small molecule that transmits signals within a cell",
intracellular signaling,,,other,,communication within cells,
intramembranous ossification,,,other,,process of bone development from fibrous membranes,
intrapleural space,,,other,,space between the layers of pleura,
intrasexual selection,,,other,,competition between members of the same sex for a mate,
intraspecific competition,,,other,,competition between members of the same species,
introduction,,,other,,"opening section of a scientific paper, which provides background information about what was known in the field prior to the research reported in the paper",
intron,,,other,,non–protein-coding intervening sequences that are spliced from mRNA during processing,
inversion,,,other,,"soles of the feet moving inward, toward the midline of the body",
invertebrata,,,other,,"(also, invertebrates) category of animals that do not possess a cranium or vertebral column",
ion,,,other,,atom or chemical group that does not contain equal numbers of protons and electrons,
ion channel-linked receptor,,,other,,"cell-surface receptor that forms a plasma membrane channel, which opens when a ligand binds to the extracellular domain (ligand-gated channels)",
ionic bond,,,other,,chemical bond that forms between ions with opposite charges (cations and anions),
iris,,,other,,"pigmented, circular muscle at the front of the eye that regulates the amount of light entering the eye",
irregular bone,,,other,,bone with complex shapes; examples include vertebrae and hip bones,
irreversible chemical reaction,,,other,,chemical reaction where reactants proceed unidirectionally to form products,
island biogeography,,,other,,study of life on island chains and how their geography interacts with the diversity of species found there,
islets of Langerhans (pancreatic islets),,,other,,endocrine cells of the pancreas,
isomerase,,,other,,enzyme that converts a molecule into its isomer,
isomers,,,other,,molecules that differ from one another even though they share the same chemical formula,
isotonic,,,other,,"situation in which the extracellular fluid has the same osmolarity as the fluid inside the cell, resulting in no net water movement into or out of the cell",
isotope,,,other,,one or more forms of an element that have different numbers of neutrons,
isthmus,,,other,,tissue mass that connects the two lobes of the thyroid gland,
iteroparity,,,other,,life history strategy characterized by multiple reproductive events during the lifetime of a species,
jasmonates,,,other,,small family of compounds derived from the fatty acid linoleic acid,
jejunum,,,other,,second part of the small intestine,
joint,,,other,,point at which two or more bones meet,
juxtaglomerular cell,,,other,,cell in the afferent and efferent arterioles that responds to stimuli from the macula densa,
juxtamedullary nephron,,,other,,nephron that lies in the cortex but close to the renal medulla,
karyogamy,,,other,,fusion of nuclei,
karyogram,,,other,,a karyotype's photographic image,
karyokinesis,,,other,,mitotic nuclear division,
karyotype,,,other,,"an individual's chromosome number and appearance; includes the size, banding patterns, and centromere position",
keystone species,,,other,,species whose presence is key to maintaining biodiversity in an ecosystem and to upholding an ecological community’s structure,
kidney,,,other,,organ that performs excretory and osmoregulatory functions,
kin selection,,,other,,sacrificing one’s own life so that one’s genes will be passed on to future generations by relatives,
kinase,,,other,,enzyme that catalyzes the transfer of a phosphate group from ATP to another molecule,
kinesis,,,other,,undirected movement of an organism in response to a stimulus,
kinesthesia,,,other,,sense of body movement,
kinetic energy,,,other,,energy type that takes place with objects or particles in motion,
kinetochore,,,other,,protein structure associated with the centromere of each sister chromatid that attracts and binds spindle microtubules during prometaphase,
kinetoplast,,,other,,"mass of DNA carried within the single, oversized mitochondrion, characteristic of kinetoplastids (phylum: Euglenozoa)",
kingdom,,,other,,domain division in the taxonomic classification system,
labia majora,,,other,,large folds of tissue covering the inguinal area,
labia minora,,,other,,smaller folds of tissue within the labia majora,
labyrinth,,,other,,"bony, hollow structure that is the most internal part of the ear; contains the sites of transduction of auditory and vestibular information",
lactase,,,other,,enzyme that breaks down lactose into glucose and galactose,
lacuna,,,other,,space in cartilage and bone that contains living cells,
lagging strand,,,other,,"during replication, the strand that is replicated in short fragments and away from the replication fork",
lamella,,,other,,layer of compact tissue that surrounds a central canal called the Haversian canal,
lamina,,,other,,leaf blade,
lamprey,,,other,,"jawless fish characterized by a toothed, funnel-like, sucking mouth",
lancelet,,,other,,member of Cephalochordata; named for its blade-like shape,
large 60S ribosomal subunit,,,other,,"second, larger ribosomal subunit that binds to the RNA to translate it into protein",
large intestine,,,other,,digestive system organ that reabsorbs water from undigested material and processes waste matter,
larynx,,,other,,"voice box, a short passageway connecting the pharynx and the trachea",
latency,,,other,,virus that remains in the body for a long period of time but only causes intermittent symptoms,
lateral line,,,other,,sense organ that runs the length of a fish’s body; used to detect vibration in the water,
lateral meristem,,,other,,meristematic tissue that enables a plant to increase in thickness or girth,
lateral rotation,,,other,,rotation away from the midline of the body,
law of dominance,,,other,,"in a heterozygote, one trait will conceal the presence of another trait for the same characteristic",
law of independent assortment,,,other,,genes do not influence each other with regard to sorting of alleles into gametes; every possible combination of alleles is equally likely to occur,
law of mass action,,,other,,chemical law stating that the rate of a reaction is proportional to the concentration of the reacting substances,
law of segregation,,,other,,"paired unit factors (i.e., genes) segregate equally into gametes such that offspring have an equal likelihood of inheriting any combination of factors",
layering,,,other,,method of propagating plants by bending a stem under the soil,
leading strand,,,other,,"strand that is synthesized continuously in the 5'-3' direction, which is synthesized in the direction of the replication fork",
learned behavior,,,other,,behavior that responds to changes in the environment,
lens,,,other,,"transparent, convex structure behind the cornea that helps focus light waves on the retina",
lenticel,,,other,,opening on the surface of mature woody stems that facilitates gas exchange,
lepidosaur,,,other,,"modern lizards, snakes, and tuataras",
leptin,,,other,,hormone produced by adipose tissue that promotes feelings of satiety and reduces hunger,
lichen,,,other,,close association of a fungus with a photosynthetic alga or bacterium that benefits both partners,
life cycle,,,other,,the sequence of events in the development of an organism and the production of cells that produce offspring,
life history,,,other,,inherited pattern of resource allocation under the influence of natural selection and other evolutionary forces,
life science,,,other,,"field of science, such as biology, that studies living things",
life table,,,other,,table showing the life expectancy of a population member based on its age,
ligand,,,other,,"molecule produced by a signaling cell that binds with a specific receptor, delivering a signal in the process",
ligase,,,other,,enzyme that catalyzes the formation of a phosphodiester linkage between the 3' OH and 5' phosphate ends of the DNA,
light harvesting complex,,,other,,complex that passes energy from sunlight to the reaction center in each photosystem; it consists of multiple antenna pigments that contain a mixture of 300 to 400 chlorophyll a and b molecules as well as other pigments like carotenoids,
light microscope,,,other,,an instrument that magnifies an object using a beam of visible light that passes and bends through a lens system to visualize a specimen,
light-dependent reaction,,,other,,first stage of photosynthesis where certain wavelengths of the visible light are absorbed to form two energy-carrying molecules (ATP and NADPH),
light-independent reaction,,,other,,"second stage of photosynthesis, through which carbon dioxide is used to build carbohydrate molecules using energy from ATP and NADPH",
lignin,,,other,,complex polymer impermeable to water,
limbic system,,,other,,connected brain areas that process emotion and motivation,
linkage,,,other,,phenomenon in which alleles that are located in close proximity to each other on the same chromosome are more likely to be inherited together,
linkage analysis,,,other,,procedure that analyzes recombining genes to determine if they are linked,
lipase,,,other,,enzyme that chemically breaks down lipids,
lipid,,,other,,macromolecule that is nonpolar and insoluble in water,
lipid-derived hormone,,,other,,hormone derived mostly from cholesterol,
litmus paper,,,other,,"(also, pH paper) filter paper treated with a natural water-soluble dye that changes its color as the pH of the environment changes in order to use it as a pH indicator",
liver,,,other,,organ that produces bile for digestion and processes vitamins and lipids,
liverworts,,,other,,most primitive group of the non-vascular plants,
loam,,,other,,soil that has no dominant particle size,
lobes of the kidney,,,other,,renal pyramid along with the adjoining cortical region,
locus,,,other,,position of a gene on a chromosome,
logistic growth,,,other,,leveling off of exponential growth due to limiting resources,
long bone,,,other,,"bone that is longer than wide, and has a shaft and two ends",
long-term depression (LTD),,,other,,prolonged decrease in synaptic coupling between a pre- and postsynaptic cell,
long-term potentiation (LTP),,,other,,prolonged increase in synaptic coupling between a pre-and postsynaptic cell,
loop of Henle,,,other,,part of the renal tubule that loops into the renal medulla,
loose (areolar) connective tissue,,,other,,"type of connective tissue with small amounts of cells, matrix, and fibers; found around blood vessels",
lower limb,,,other,,"consists of the thigh, the leg, and the foot",
lung capacity,,,other,,measurement of two or more lung volumes (how much air can be inhaled from the end of an expiration to maximal capacity),
lung volume,,,other,,measurement of air for one lung function (normal inhalation or exhalation),
luteinizing hormone (LH),,,other,,"reproductive hormone in both males and females, causes testosterone production in males and ovulation and lactation in females",
lycophyte,,,other,,club moss,
lymph,,,other,,watery fluid that bathes tissues and organs with protective white blood cells and does not contain erythrocytes,
lymph node,,,other,,specialized organ that contains a large number of macrophages that clean the lymph before the fluid is returned to the heart,
lymphocyte,,,other,,leukocyte that is histologically identifiable by its large nuclei; it is a small cell with very little cytoplasm,
lysis,,,other,,bursting of a cell,
lysis buffer,,,other,,solution to break the cell membrane and release cell contents,
lysogenic cycle,,,other,,type of virus replication in which the viral genome is incorporated into the genome of the host cell,
lysosome,,,other,,"organelle in an animal cell that functions as the cell’s digestive component; it breaks down proteins, polysaccharides, lipids, nucleic acids, and even worn-out organelles",
lytic cycle,,,other,,"type of virus replication in which virions are released through lysis, or bursting, of the cell",
macroevolution,,,other,,broader scale evolutionary changes that scientists see over paleontological time,
macromolecule,,,other,,"large molecule, typically formed by the joining of smaller molecules",
macronutrient,,,other,,"nutrient that is required in large amounts for plant growth; carbon, hydrogen, oxygen, nitrogen, phosphorus, potassium, calcium, magnesium, and sulfur",
macrophage,,,other,,large phagocytic cell that engulfs foreign particles and pathogens,
macula densa,,,other,,group of cells that senses changes in sodium ion concentration; present in parts of the renal tubule and collecting ducts,
madreporite,,,other,,pore for regulating entry and exit of water into the water vascular system,
major depression,,,other,,mental illness characterized by prolonged periods of sadness,
major histocompatibility complex (MHC) I/II molecule,,,other,,protein found on the surface of all nucleated cells (I) or specifically on antigen-presenting cells (II) that signals to immune cells whether the cell is healthy/normal or is infected/cancerous; it provides the appropriate template into which antigens can be loaded for recognition by lymphocytes,
malleus,,,other,,"(also, hammer) first of the three bones of the middle ear",
maltase,,,other,,enzyme that breaks down maltose into glucose,
mammal,,,other,,one of the groups of endothermic vertebrates that possesses hair and mammary glands,
mammary gland,,,other,,"in female mammals, a gland that produces milk for newborns",
mantle,,,other,,"(also, pallium) specialized epidermis that encloses all visceral organs and secretes shells",
mark and recapture,,,other,,technique used to determine population size in mobile organisms,
marsupial,,,other,,"one of the groups of mammals that includes the kangaroo, koala, bandicoot, Tasmanian devil, and several other species; young develop within a pouch",
mass extinction,,,other,,event or environmental condition that wipes out the majority of species within a relatively short geological time period,
mass number,,,other,,total number of protons and neutrons in an atom,
mast cell,,,other,,"leukocyte that produces inflammatory molecules, such as histamine, in response to large pathogens and allergens",
mastax,,,other,,jawed pharynx unique to the rotifers,
materials and methods,,,other,,"section of a scientific paper that includes a complete description of the substances, methods, and techniques that the researchers used to gather data",
mating factor,,,other,,signaling molecule secreted by yeast cells to communicate to nearby yeast cells that they are available to mate,
matrix,,,other,,component of connective tissue made of both living and nonliving (ground substances) cells,
matrix protein,,,other,,envelope protein that stabilizes the envelope and often plays a role in the assembly of progeny virions,
matter,,,other,,anything that has mass and occupies space,
maximum parsimony,,,other,,"applying the simplest, most obvious way with the least number of steps",
mechanoreceptor,,,other,,"sensory receptor modified to respond to mechanical disturbance such as being bent, touch, pressure, motion, and sound",
medial rotation,,,other,,rotation toward the midline of the body,
medulla,,,other,,middle layer of an organ like the kidney or adrenal gland,
medusa,,,other,,free-floating cnidarian body plan with mouth on underside and tentacles hanging down from a bell,
megafauna,,,other,,large animals,
megagametogenesis,,,other,,"second phase of female gametophyte development, during which the surviving haploid megaspore undergoes mitosis to produce an eight-nucleate, seven-cell female gametophyte, also known as the megagametophyte or embryo sac.",
megapascal (MPa),,,other,,pressure units that measure water potential,
megaphyll,,,other,,larger leaves with a pattern of branching veins,
megasporangium,,,other,,tissue found in the ovary that gives rise to the female gamete or egg,
megaspore,,,other,,female spore,
megasporocyte,,,other,,megaspore mother cell; larger spore that germinates into a female gametophyte in a heterosporous plant,
megasporogenesis,,,other,,"first phase of female gametophyte development, during which a single cell in the diploid megasporangium undergoes meiosis to produce four megaspores, only one of which survives",
megasporophyll,,,other,,bract (a type of modified leaf) on the central axis of a female gametophyte,
meiosis,,,other,,a nuclear division process that results in four haploid cells,
meiosis I,,,other,,first round of meiotic cell division; referred to as reduction division because the ploidy level is reduced from diploid to haploid,
meiosis II,,,other,,"second round of meiotic cell division following meiosis I; sister chromatids are separated into individual chromosomes, and the result is four unique haploid cells",
membrane potential,,,other,,difference in electrical potential between the inside and outside of a cell,
memory cell,,,other,,antigen-specific B or T lymphocyte that does not differentiate into effector cells during the primary immune response but that can immediately become an effector cell upon reexposure to the same pathogen,
meninge,,,other,,membrane that covers and protects the central nervous system,
menopause,,,other,,loss of reproductive capacity due to decreased sensitivity of the ovaries to FSH and LH,
menstrual cycle,,,other,,cycle of the degradation and regrowth of the endometrium,
meristem,,,other,,plant region of continuous growth,
meristematic tissue,,,other,,tissue containing cells that constantly divide; contributes to plant growth,
meroblastic,,,other,,partial cleavage; takes place in cells with a large amount of yolk,
mesocarp,,,other,,middle part of a fruit,
mesocosm,,,other,,portion of a natural ecosystem to be used for experiments,
mesoglea,,,other,,"non-living, gel-like matrix present between ectoderm and endoderm in cnidarians",
mesohyl,,,other,,collagen-like gel containing suspended cells that perform various functions in the sponge,
mesophyll,,,other,,middle layer of chlorophyll-rich cells in a leaf,
messenger RNA (mRNA),,,other,,RNA that carries information from DNA to ribosomes during protein synthesis,
metabolism,,,other,,"all the chemical reactions that take place inside cells, including anabolism and catabolism",
metabolome,,,other,,complete set of metabolites which are related to an organism's genetic makeup,
metabolomics,,,other,,study of small molecule metabolites in an organism,
metacarpus,,,other,,five bones that comprise the palm,
metagenomics,,,other,,study of multiple species' collective genomes that grow and interact in an environmental niche,
metamerism,,,other,,"series of body structures that are similar internally and externally, such as segments",
metaphase,,,other,,stage of mitosis during which chromosomes are aligned at the metaphase plate,
metaphase plate,,,other,,equatorial plane midway between the two poles of a cell where the chromosomes align during metaphase,
metatarsal,,,other,,one of the five bones of the foot,
microRNA (miRNA),,,other,,small RNA molecules (approximately 21 nucleotides in length) that bind to RNA molecules to degrade them,
microbial mat,,,other,,multi-layered sheet of prokaryotes that may include bacteria and archaea,
microbiology,,,other,,study of the structure and function of microorganisms,
microcosm,,,other,,re-creation of natural ecosystems entirely in a laboratory environment to be used for experiments,
microevolution,,,other,,changes in a population’s genetic structure,
microfilament,,,other,,the cytoskeleton system's narrowest element; it provides rigidity and shape to the cell and enables cellular movements,
microglia,,,other,,glia that scavenge and degrade dead cells and protect the brain from invading microorganisms,
micronutrient,,,other,,nutrient required in small amounts; also called trace element,
microphyll,,,other,,small size and simple vascular system with a single unbranched vein,
micropropagation,,,other,,propagation of desirable plants from a plant part; carried out in a laboratory,
micropyle,,,other,,opening on the ovule sac through which the pollen tube can gain entry,
microsatellite polymorphism,,,other,,variation between individuals in the sequence and number of microsatellite DNA repeats,
microscope,,,other,,an instrument that magnifies an object,
microsporangium,,,other,,tissue that gives rise to the microspores or the pollen grain,
microspore,,,other,,male spore,
microsporocyte,,,other,,smaller spore that produces a male gametophyte in a heterosporous plant,
microsporophyll,,,other,,central axis of a male cone on which bracts (a type of modified leaf) are attached,
microtubule,,,other,,"the cytoskeleton system's widest element; it helps the cell resist compression, provides a track along which vesicles move through the cell, pulls replicated chromosomes to opposite ends of a dividing cell, and is the structural element of centrioles, flagella, and cilia",
microvilli,,,other,,cellular processes that increase the surface area of cells,
middle ear,,,other,,part of the hearing apparatus that functions to transfer energy from the tympanum to the oval window of the inner ear,
midsagittal plane,,,other,,plane cutting through an animal separating the individual into even right and left sides,
migration,,,other,,long-range seasonal movement of animal species,
mineral,,,other,,"inorganic, elemental molecule that carries out important roles in the body",
mineral soil,,,other,,"type of soil that is formed from the weathering of rocks and inorganic material; composed primarily of sand, silt, and clay",
mineralocorticoid,,,other,,corticosteroid that affects ion and water balance,
mismatch repair,,,other,,type of repair mechanism in which mismatched bases are removed after replication,
mitochondria,,,other,,"(singular = mitochondrion) cellular organelles responsible for carrying out cellular respiration, resulting in producing ATP, the cell’s main energy-carrying molecule",
mitochondria-first hypothesis,,,other,,"proposal that prokaryotes acquired a mitochondrion first, followed by nuclear development",
mitosis,,,other,,"(also, karyokinesis) period of the cell cycle during which the duplicated chromosomes are separated into identical nuclei; includes prophase, prometaphase, metaphase, anaphase, and telophase",
mitosome,,,other,,nonfunctional organelle carried in the cells of diplomonads (Excavata) that likely evolved from a mitochondrion,
mitotic phase,,,other,,period of the cell cycle during which duplicated chromosomes are distributed into two nuclei and cytoplasmic contents are divided; includes karyokinesis (mitosis) and cytokinesis,
mitotic spindle,,,other,,apparatus composed of microtubules that orchestrates the movement of chromosomes during mitosis,
mixotroph,,,other,,"organism that can obtain nutrition by autotrophic or heterotrophic means, usually facultatively",
model organism,,,other,,species that researchers study and use as a model to understand the biological processes in other species represented by the model organism,
model system,,,other,,species or biological system used to study a specific biological phenomenon to be applied to other different species,
modern synthesis,,,other,,overarching evolutionary paradigm that took shape by the 1940s and scientists generally accept today,
molality,,,other,,number of moles of solute per kilogram of solvent,
molarity,,,other,,number of moles of solute per liter of solution,
mold,,,other,,tangle of visible mycelia with a fuzzy appearance,
mole,,,other,,gram equivalent of the molecular weight of a substance,
molecular biology,,,other,,"study of biological processes and their regulation at the molecular level, including interactions among molecules such as DNA, RNA, and proteins",
molecular cloning,,,other,,cloning of DNA fragments,
molecular systematics,,,other,,technique using molecular evidence to identify phylogenetic relationships,
molecule,,,other,,chemical structure consisting of at least two atoms held together by one or more chemical bonds,
monocarpic,,,other,,plants that flower once in their lifetime,
monocot,,,other,,related group of angiosperms that produce embryos with one cotyledon and pollen with a single ridge,
monocyte,,,other,,type of white blood cell that circulates in the blood and lymph and differentiates into macrophages after it moves into infected tissue,
monoecious,,,other,,describes a species in which the male and female reproductive organs are on the same plant,
monogamy,,,other,,mating system whereby one male and one female remain coupled for at least one mating season,
monogastric,,,other,,digestive system that consists of a single-chambered stomach,
monohybrid,,,other,,result of a cross between two true-breeding parents that express different traits for only one characteristic,
monomer,,,other,,smallest unit of larger molecules that are polymers,
monophyletic group,,,other,,"(also, clade) organisms that share a single ancestor",
monosaccharide,,,other,,single unit or monomer of carbohydrates,
monosomy,,,other,,otherwise diploid genotype in which one chromosome is missing,
monotreme,,,other,,egg-laying mammal,
morning sickness,,,other,,condition in pregnant people during the first trimester; includes feelings of nausea,
mortality rate,,,other,,proportion of population surviving to the beginning of an age interval that die during the age interval,
mosses,,,other,,group of bryophytes in which a primitive conductive system appears,
motor end plate,,,other,,sarcolemma of the muscle fiber that interacts with the neuron,
mucin,,,other,,complex glycoprotein found in mucus,
mucosa-associated lymphoid tissue (MALT),,,other,,collection of lymphatic tissue that combines with epithelial tissue lining the mucosa throughout the body,
mucus,,,other,,sticky protein-containing fluid secretion in the lung that traps particulate matter to be expelled from the body,
multiple cloning site (MCS),,,other,,site that multiple restriction endonucleases can recognize,
multiple fruit,,,other,,fruit that develops from multiple flowers on an inflorescence,
muscle spindle,,,other,,proprioceptive stretch receptor that lies within a muscle and that shortens the muscle to an optimal length for efficient contraction,
mutation,,,other,,variation in the nucleotide sequence of a genome,
mutualism,,,other,,symbiotic relationship between two species where both species benefit,
myc,,,other,,oncogene that causes cancer in many cancer cells,
mycelium,,,other,,mass of fungal hyphae,
mycetismus,,,other,,ingestion of toxins in poisonous mushrooms,
mycology,,,other,,scientific study of fungi,
mycorrhiza,,,other,,mutualistic association between fungi and vascular plant roots,
mycorrhizae,,,other,,"a mutualistic relationship between a plant and a fungus. Mycorrhizae are connections between fungal hyphae, which provide soil minerals to the plant, and plant roots, which provide carbohydrates to the fungus",
mycosis,,,other,,fungal infection,
mycotoxicosis,,,other,,poisoning by a fungal toxin released in food,
myelin,,,other,,fatty substance produced by glia that insulates axons,
myocardial infarction,,,other,,"(also, heart attack) complete blockage of the coronary arteries and death of the cardiac muscle tissue",
myocardium,,,other,,heart muscle cells that make up the middle layer and the bulk of the heart wall,
myofibril,,,other,,long cylindrical structures that lie parallel to the muscle fiber,
myofilament,,,other,,small structures that make up myofibrils,
myopia,,,other,,"(also, nearsightedness) visual defect in which the image focus falls in front of the retina, thereby making images in the distance blurry, but close-up images clear",
myosin,,,other,,contractile protein that interacts with actin for muscle contraction,
nacre,,,other,,calcareous secretion produced by bivalves to line the inner side of shells as well as to coat intruding particulate matter,
nasal cavity,,,other,,opening of the respiratory system to the outside environment,
natural killer (NK) cell,,,other,,lymphocyte that can kill cells infected with viruses or tumor cells,
natural science,,,other,,field of science that is related to the physical world and its phenomena and processes,
natural selection,,,other,,"reproduction of individuals with favorable genetic traits that survive environmental change because of those traits, leading to evolutionary change",
nauplius,,,other,,larval stage in the early development of crustaceans,
nectar,,,other,,liquid rich in sugars produced by flowers to attract animal pollinators,
nectar guide,,,other,,pigment pattern on a flower that guides an insect to the nectaries,
negative feedback loop,,,other,,feedback to a control mechanism that increases or decreases a stimulus instead of maintaining it,
negative gravitropism,,,other,,growth away from Earth’s gravity,
negative polarity,,,other,,ssRNA viruses with genomes complementary to their mRNA,
negative regulator,,,other,,protein that prevents transcription,
nematocyst,,,other,,harpoon-like organelle within cnidocyte with pointed projectile and poison to stun and entangle prey,
nephridia,,,other,,excretory structures found in annelids,
nephridiopore,,,other,,pore found at the end of nephridia,
nephron,,,other,,functional unit of the kidney,
neritic zone,,,other,,part of the ocean that extends from low tide to the edge of the continental shelf,
net consumer productivity,,,other,,energy content available to the organisms of the next trophic level,
net primary productivity,,,other,,"measurement of the energy accumulation within an ecosystem, calculated as the total amount of carbon fixed per year minus the amount that is oxidized during cellular respiration",
net production efficiency (NPE),,,other,,measure of the ability of a trophic level to convert the energy it receives from the previous trophic level into biomass,
neural stimuli,,,other,,stimulation of endocrine glands by the nervous system,
neural tube,,,other,,tube-like structure that forms from the ectoderm and gives rise to the brain and spinal cord,
neurobiology,,,other,,study of the biology of the nervous system,
neurodegenerative disorder,,,other,,"nervous system disorder characterized by the progressive loss of neurological functioning, usually caused by neuron death",
neuron,,,other,,specialized cell that can receive and transmit electrical and chemical signals,
neurotransmitter,,,other,,chemical ligand that carries a signal from one nerve cell to the next,
neutron,,,other,,uncharged particle that resides in an atom's nucleus; has a mass of one amu,
neutrophil,,,other,,phagocytic leukocyte that engulfs and digests pathogens,
next-generation sequencing,,,other,,group of automated techniques for rapid DNA sequencing,
nitrification,,,other,,conversion of ammonium into nitrite and nitrate in soils,
nitrogen fixation,,,other,,"process by which gaseous nitrogen is transformed, or “fixed” into more readily available forms such as ammonia",
nitrogenase,,,other,,enzyme that is responsible for the reduction of atmospheric nitrogen to ammonia,
noble gas,,,other,,see inert gas,
nociception,,,other,,neural processing of noxious (such as damaging) stimuli,
node,,,other,,"point along the stem at which leaves, flowers, or aerial roots originate",
nodes of Ranvier,,,other,,gaps in the myelin sheath where the signal is recharged,
nodule,,,other,,"novel structure on the roots of certain plants (legumes) that results from the symbiotic interaction between the plant and soil bacteria, and is the site of nitrogen fixation",
nodules,,,other,,specialized structures that contain Rhizobia bacteria where nitrogen fixation takes place,
non-electrolyte,,,other,,solute that does not break down into ions when dissolved in water,
non-endospermic dicot,,,other,,dicot that stores food reserves in the developing cotyledon,
non-vascular plant,,,other,,"plant that lacks vascular tissue, which is formed of specialized cells for the transport of water and nutrients",
nondisjunction,,,other,,failure of synapsed homologs to completely separate and migrate to separate poles during the meiosis' first cell division,
nonparental (recombinant) type,,,other,,progeny resulting from homologous recombination that exhibits a different allele combination compared with its parents,
nonpolar covalent bond,,,other,,type of covalent bond that forms between atoms when electrons are shared equally between them,
nonrandom mating,,,other,,changes in a population’s gene pool due to mate choice or other forces that cause individuals to mate with certain phenotypes more than others,
nonrenewable resource,,,other,,"resource, such as fossil fuel, that is either regenerated very slowly or not at all",
nonsense codon,,,other,,one of the three mRNA codons that specifies termination of translation,
nontemplate strand,,,other,,strand of DNA that is not used to transcribe mRNA; this strand is identical to the mRNA except that T nucleotides in the DNA are replaced by U nucleotides in the mRNA,
norepinephrine,,,other,,neurotransmitter and hormone released by activation of the sympathetic nervous system,
notochord,,,other,,"flexible, rod-shaped support structure that is found in the embryonic stage of all chordates and in the adult stage of some chordates",
nuclear envelope,,,other,,double-membrane structure that constitutes the nucleus' outermost portion,
nucleic acid,,,other,,biological macromolecule that carries the cell's genetic blueprint and carries instructions for the cell's functioning,
nucleoid,,,other,,central part of a prokaryotic cell's central part where the chromosome is located,
nucleolus,,,other,,darkly staining body within the nucleus that is responsible for assembling ribosome subunits,
nucleoplasm,,,other,,semi-solid fluid inside the nucleus that contains the chromatin and nucleolus,
nucleosome,,,other,,subunit of chromatin composed of a short length of DNA wrapped around a core of histone proteins,
nucleotide,,,other,,"monomer of nucleic acids; contains a pentose sugar, one or more phosphate groups, and a nitrogenous base",
nucleotide excision repair,,,other,,"type of DNA repair mechanism in which the wrong base, along with a few nucleotides upstream or downstream, are removed",
nucleus,,,other,,core of an atom; contains protons and neutrons,
nucleus-first hypothesis,,,other,,"proposal that prokaryotes acquired a nucleus first, and then the mitochondrion",
nutrient,,,other,,"essential substances for growth, such as carbon and nitrogen",
obligate aerobes,,,other,,"organisms, such as humans, that must perform aerobic respiration to survive",
obligate anaerobes,,,other,,organisms that only perform anaerobic respiration and often cannot survive in the presence of oxygen,
obstructive disease,,,other,,disease (such as emphysema and asthma) that arises from obstruction of the airways; compliance increases in these diseases,
occipital lobe,,,other,,part of the cerebral cortex that contains visual cortex and processes visual stimuli,
ocean upwelling,,,other,,rising of deep ocean waters that occurs when prevailing winds blow along surface waters near a coastline,
oceanic zone,,,other,,part of the ocean that begins offshore where the water measures 200 m deep or deeper,
octet rule,,,other,,rule that atoms are most stable when they hold eight electrons in their outermost shells,
odorant,,,other,,airborne molecule that stimulates an olfactory receptor,
olfaction,,,other,,sense of smell,
olfactory bulb,,,other,,neural structure in the vertebrate brain that receives signals from olfactory receptors,
olfactory epithelium,,,other,,specialized tissue in the nasal cavity where olfactory receptors are located,
olfactory receptor,,,other,,dendrite of a specialized neuron,
oligodendrocyte,,,other,,glial cell that myelinates central nervous system neuron axons,
oligosaccharin,,,other,,hormone important in plant defenses against bacterial and fungal infections,
omega fat,,,other,,type of polyunsaturated fat that the body requires; numbering the carbon omega starts from the methyl end or the end that is farthest from the carboxylic end,
omnivore,,,other,,animal that consumes both plants and animals,
oncogene,,,other,,mutated version of a normal gene involved in the positive regulation of the cell cycle,
oncogenic virus,,,other,,virus that has the ability to cause cancer,
oncolytic virus,,,other,,virus engineered to specifically infect and kill cancer cells,
one-child policy,,,other,,China’s policy to limit population growth by limiting urban couples to have only one child or face the penalty of a fine,
oogenesis,,,other,,process of producing haploid eggs,
open circulatory system,,,other,,system in which the blood is mixed with interstitial fluid and directly covers the organs,
operant conditioning,,,other,,learned behaviors in response to positive and/or negative reinforcement,
operator,,,other,,region of DNA outside of the promoter region that binds activators or repressors that control gene expression in prokaryotic cells,
operon,,,other,,collection of genes involved in a pathway that are transcribed together as a single mRNA in prokaryotic cells,
opposition,,,other,,"movement of the thumb toward the fingers of the same hand, making it possible to grasp and hold objects",
opsonization,,,other,,process that enhances phagocytosis using proteins to indicate the presence of a pathogen to phagocytic cells,
orbital,,,other,,region surrounding the nucleus; contains electron(s),
order,,,other,,class division in the taxonomic classification system,
organ,,,other,,collection of related tissues grouped together performing a common function,
organ of Corti,,,other,,"in the basilar membrane, the site of the transduction of sound, a mechanical wave, to a neural signal",
organ system,,,other,,level of organization that consists of functionally related interacting organs,
organelle,,,other,,small structures that exist within cells and carry out cellular functions,
organic compound,,,other,,chemical compound that contains carbon,
organic molecule,,,other,,any molecule containing carbon (except carbon dioxide),
organic soil,,,other,,type of soil that is formed from sedimentation; composed primarily of organic material,
organism,,,other,,individual living entity,
organogenesis,,,other,,formation of organs in animal embryogenesis,
origin,,,other,,"(also, ORI) region of the prokaryotic chromosome where replication begins (origin of replication)",
osculum,,,other,,large opening in the sponge’s body through which water leaves,
osmoconformer,,,other,,organism that changes its tonicity based on its environment,
osmolarity,,,other,,total amount of solutes dissolved in a specific amount of solution,
osmophile,,,other,,organism that grows in a high sugar concentration,
osmoreceptor,,,other,,receptor in the hypothalamus that monitors the concentration of electrolytes in the blood,
osmoregulation,,,other,,mechanism by which water and solute concentrations are maintained at desired levels,
osmoregulator,,,other,,organism that maintains its tonicity irrespective of its environment,
osmosis,,,other,,transport of water through a semipermeable membrane according to the water's concentration gradient across the membrane that results from the presence of solute that cannot pass through the membrane,
osmotic balance,,,other,,balance of the amount of water and salt input and output to and from a biological system without disturbing the desired osmotic pressure and solute concentration in every compartment,
osmotic pressure,,,other,,pressure exerted on a membrane to equalize solute concentration on either side,
osseous tissue,,,other,,connective tissue that constitutes the endoskeleton,
ossicle,,,other,,one of the three bones of the middle ear,
ossification,,,other,,"(also, osteogenesis) process of bone formation by osteoblasts",
osteoblast,,,other,,bone cell responsible for bone formation,
osteoclast,,,other,,"large bone cells with up to 50 nuclei, responsible for bone remodeling",
osteocyte,,,other,,mature bone cells and the main cell in bone tissue,
osteon,,,other,,subunit of compact bone,
ostium,,,other,,pore present on the sponge’s body through which water enters,
ostracoderm,,,other,,one of the earliest jawless fish covered in bone,
outer ear,,,other,,"part of the ear that consists of the auricle, ear canal, and tympanum and which conducts sound waves into the middle ear",
oval window,,,other,,thin diaphragm between the middle and inner ears that receives sound waves from contact with the stapes bone of the middle ear,
ovarian cycle,,,other,,cycle of preparation of egg for ovulation and the conversion of the follicle to the corpus luteum,
ovary,,,other,,chamber that contains and protects the ovule or female megasporangium,
oviduct,,,other,,"(also, fallopian tube) muscular tube connecting the uterus with the ovary area",
oviger,,,other,,additional pair of appendages present on some arthropods between the chelicerae and pedipalps,
oviparity,,,other,,"process by which fertilized eggs are laid outside the female’s body and develop there, receiving nourishment from the yolk that is a part of the egg",
ovoviviparity,,,other,,process by which fertilized eggs are retained within the female; the embryo obtains its nourishment from the egg’s yolk and the young are fully developed when they are hatched,
ovulate cone,,,other,,cone containing two ovules per scale,
ovulation,,,other,,release of the egg by the most mature follicle,
ovule,,,other,,female gametophyte,
oxidative phosphorylation,,,other,,production of ATP using the process of chemiosmosis in the presence of oxygen,
oxygen dissociation curve,,,other,,curve depicting the affinity of oxygen for hemoglobin,
oxygen-carrying capacity,,,other,,amount of oxygen that can be transported in the blood,
oxytocin,,,other,,hormone released by the posterior pituitary to stimulate uterine contractions during childbirth and milk let-down in the mammary glands,
p21,,,other,,cell-cycle regulatory protein that inhibits the cell cycle; its levels are controlled by p53,
p53,,,other,,cell-cycle regulatory protein that regulates cell growth and monitors DNA damage; it halts the progression of the cell cycle in cases of DNA damage and may induce apoptosis,
pH paper,,,other,,see litmus paper,
pH scale,,,other,,scale ranging from zero to 14 that is inversely proportional to the hydrogen ions' concentration in a solution,
paleontology,,,other,,study of life’s history by means of fossils,
palmately compound leaf,,,other,,"leaf type with leaflets that emerge from a point, resembling the palm of a hand",
pancreas,,,other,,gland that secretes digestive juices,
pandemic,,,other,,"widespread, usually worldwide, epidemic disease",
papilla,,,other,,one of the small bump-like projections from the tongue,
paracentric,,,other,,inversion that occurs outside the centromere,
paracrine signal,,,other,,signal between nearby cells that is delivered by ligands traveling in the liquid medium in the space between the cells,
parafollicular cell,,,other,,thyroid cell that produces the hormone calcitonin,
paraphyletic group,,,other,,not all descendants of a single common ancestor are included in the group,
parapodium,,,other,,"fleshy, flat, appendage that protrudes in pairs from each segment of polychaetes",
parasite,,,other,,"organism that uses resources from another species, the host",
parasitic plant,,,other,,plant that is dependent on its host for survival,
parasitism,,,other,,symbiotic relationship in which one member of the association benefits at the expense of the other,
parasympathetic nervous system,,,other,,division of autonomic nervous system that regulates visceral functions during rest and digestion,
parathyroid gland,,,other,,gland located on the surface of the thyroid that produces parathyroid hormone,
parathyroid hormone (PTH),,,other,,hormone produced by the parathyroid glands in response to low blood Ca2+ levels; functions to raise blood Ca2+ levels,
parenchyma cell,,,other,,"most common type of plant cell; found in the stem, root, leaf, and in fruit pulp; site of photosynthesis and starch storage",
parent material,,,other,,organic and inorganic material in which soils form,
parental types,,,other,,progeny that exhibits the same allelic combination as its parents,
parietal lobe,,,other,,part of the cerebral cortex involved in processing touch and the sense of the body in space,
parthenogenesis,,,other,,form of asexual reproduction where an egg develops into a complete individual without being fertilized,
partial pressure,,,other,,amount of pressure exerted by one gas within a mixture of gases,
particulate matter,,,other,,"small particle such as dust, dirt, viral particles, and bacteria that are in the air",
passive immunity,,,other,,transfer of antibodies from one individual to another to provide temporary protection against pathogens,
passive transport,,,other,,method of transporting material through a membrane that does not require energy,
patella,,,other,,"(also, kneecap) triangular bone that lies anterior to the knee joint",
pathogen,,,other,,agent with the ability to cause disease,
pathogen-associated molecular pattern (PAMP),,,other,,"carbohydrate, polypeptide, and nucleic acid “signature” that is expressed by viruses, bacteria, and parasites but differs from molecules on host cells",
pattern recognition receptor (PRR),,,other,,molecule on macrophages and dendritic cells that binds molecular signatures of pathogens and promotes pathogen engulfment and destruction,
peat moss,,,other,,Sphagnum,
pectoral girdle,,,other,,bones that transmit the force generated by the upper limbs to the axial skeleton,
pedipalp,,,other,,second pair of appendages in Chelicerata,
peer-reviewed manuscript,,,other,,scientific paper that a scientist’s colleagues review who are experts in the field of study,
pelagic realm,,,other,,"(also, pelagic zone) open ocean waters that are not close to the bottom or near the shore",
pellicle,,,other,,"outer cell covering composed of interlocking protein strips that function like a flexible coat of armor, preventing cells from being torn or pierced without compromising their range of motion",
pelvic girdle,,,other,,bones that transmit the force generated by the lower limbs to the axial skeleton,
penis,,,other,,male reproductive structure for urine elimination and copulation,
pepsin,,,other,,enzyme found in the stomach whose main role is protein digestion,
pepsinogen,,,other,,inactive form of pepsin,
peptide bond,,,other,,bond formed between two amino acids by a dehydration reaction,
peptide hormone,,,other,,hormone composed of a polypeptide chain,
peptidoglycan,,,other,,material composed of polysaccharide chains cross-linked to unusual peptides,
peptidyl transferase,,,other,,RNA-based enzyme that is integrated into the 50S ribosomal subunit and catalyzes the formation of peptide bonds,
perception,,,other,,individual interpretation of a sensation; a brain function,
perforin,,,other,,destructive protein that creates a pore in the target cell; used by NK cells and killer T cells,
perianth,,,other,,part of the plant consisting of the calyx (sepals) and corolla (petals),
pericardium,,,other,,membrane layer protecting the heart; also part of the epicardium,
pericarp,,,other,,"collective term describing the exocarp, mesocarp, and endocarp; the structure that encloses the seed and is a part of the fruit",
pericentric,,,other,,inversion that involves the centromere,
pericycle,,,other,,outer boundary of the stele from which lateral roots can arise,
periderm,,,other,,"outermost covering of woody stems; consists of the cork cambium, cork cells, and the phelloderm",
periodic table,,,other,,organizational chart of elements indicating each element's atomic number and atomic mass; provides key information about the elements' properties,
peripheral protein,,,other,,protein at the plasma membrane's surface either on its exterior or interior side,
peripheral resistance,,,other,,resistance of the artery and blood vessel walls to the pressure placed on them by the force of the heart pumping,
perirenal fat capsule,,,other,,fat layer that suspends the kidneys,
peristalsis,,,other,,wave-like movements of muscle tissue,
peristome,,,other,,tissue that surrounds the opening of the capsule and allows periodic release of spores,
peritubular capillary network,,,other,,capillary network that surrounds the renal tubule after the efferent artery exits the glomerulus,
permafrost,,,other,,perennially frozen portion of the Arctic tundra soil,
permanent tissue,,,other,,plant tissue composed of cells that are no longer actively dividing,
permissive,,,other,,cell type that is able to support productive replication of a virus,
peroxisome,,,other,,"small, round organelle that contains hydrogen peroxide, oxidizes fatty acids and amino acids, and detoxifies many poisons",
petal,,,other,,modified leaf interior to the sepals; colorful petals attract animal pollinators,
petiole,,,other,,stalk of the leaf,
phage therapy,,,other,,treatment of bacterial diseases using bacteriophages specific to a particular bacterium,
phagolysosome,,,other,,cellular body formed by the union of a phagosome containing the ingested particle with a lysosome that contains hydrolytic enzymes,
phalange,,,other,,one of the bones of the fingers or toes,
pharmacogenomics,,,other,,study of drug interactions with the genome or proteome; also called toxicogenomics,
pharyngeal slit,,,other,,opening in the pharynx,
pharynx,,,other,,"throat; a tube that starts in the internal nares and runs partway down the neck, where it opens into the esophagus and the larynx",
phenotype,,,other,,observable traits expressed by an organism,
pheromone,,,other,,substance released by an animal that can affect the physiology or behavior of other animals,
phloem,,,other,,"tissue responsible for transport of sugars, proteins, and other solutes",
phosphatase,,,other,,enzyme that removes the phosphate group from a molecule that has been previously phosphorylated,
phosphoanhydride bond,,,other,,bond that connects phosphates in an ATP molecule,
phosphodiester,,,other,,linkage covalent chemical bond that holds together the polynucleotide chains with a phosphate group linking neighboring nucleotides' two pentose sugars,
phosphodiesterase,,,other,,"enzyme that degrades cAMP, producing AMP, to terminate signaling",
phosphodiesterase (PDE),,,other,,"enzyme that deactivates cAMP, stopping hormone activity",
phospholipid,,,other,,membranes' major constituent; comprised of two fatty acids and a phosphate-containing group attached to a glycerol backbone,
phosphorylation,,,other,,"addition of a high-energy phosphate to a compound, usually a metabolic intermediate, a protein, or ADP",
photic zone,,,other,,portion of the ocean that light can penetrate,
photoact,,,other,,ejection of an electron from a reaction center using the energy of an absorbed photon,
photoautotroph,,,other,,organism capable of producing its own organic compounds from sunlight,
photomorphogenesis,,,other,,growth and development of plants in response to light,
photon,,,other,,distinct quantity or “packet” of light energy,
photoperiodism,,,other,,"occurrence of plant processes, such as germination and flowering, according to the time of year",
photosystem,,,other,,"group of proteins, chlorophyll, and other pigments that are used in the light-dependent reactions of photosynthesis to absorb light energy and convert it into chemical energy",
photosystem I,,,other,,integral pigment and protein complex in thylakoid membranes that uses light energy to transport electrons from plastocyanin to NADP+ (which becomes reduced to NADPH in the process),
photosystem II,,,other,,integral protein and pigment complex in thylakoid membranes that transports electrons from water to the electron transport chain; oxygen is a product of PSII,
phototroph,,,other,,organism that is able to make its own food by converting solar energy to chemical energy,
phototropin,,,other,,"blue-light receptor that promotes phototropism, stomatal opening and closing, and other responses that promote photosynthesis",
phototropism,,,other,,directional bending of a plant toward a light source,
phyllotaxy,,,other,,arrangement of leaves on a stem,
phylogenetic tree,,,other,,"diagram showing the evolutionary relationships among various biological species based on similarities and differences in genetic or physical traits or both; in essence, a hypothesis concerning evolutionary connections",
phylogeny,,,other,,evolutionary history and relationship of an organism or group of organisms,
phylum,,,other,,(plural: phyla) kingdom division in the taxonomic classification system,
physical map,,,other,,representation of the physical distance between genes or genetic markers,
physical science,,,other,,"field of science, such as geology, astronomy, physics, and chemistry, that studies nonliving matter",
physiological dead space,,,other,,"(also, physiological shunt) region of the lung that lacks proper ventilation/perfusion due to a physiological change in the lung (like inflammation or edema)",
phytochrome,,,other,,plant pigment protein that exists in two reversible forms (Pr and Pfr) and mediates morphologic changes in response to red light,
pia mater,,,other,,thin membrane layer directly covering the brain and spinal cord,
pigment,,,other,,molecule that is capable of absorbing certain wavelengths of light and reflecting others (which accounts for its color),
pilidium,,,other,,larval form found in some nemertine species,
pilus,,,other,,surface appendage of some prokaryotes used for attachment to surfaces including other prokaryotes,
pinacocyte,,,other,,epithelial-like cell that forms the outermost layer of sponges and encloses a jelly-like substance called mesohyl,
pinnately compound leaf,,,other,,leaf type with a divided leaf blade consisting of leaflets arranged on both sides of the midrib,
pinocytosis,,,other,,a variation of endocytosis that imports macromolecules that the cell needs from the extracellular fluid,
pioneer species,,,other,,first species to appear in primary and secondary succession,
pistil,,,other,,fused group of carpels,
pith,,,other,,ground tissue found towards the interior of the vascular tissue in a stem or root,
pituitary dwarfism,,,other,,condition caused by underproduction of GH in children,
pituitary gland,,,other,,endocrine gland located at the base of the brain composed of an anterior and posterior region; also called hypophysis,
pituitary stalk,,,other,,"(also, infundibulum) stalk that connects the pituitary gland to the hypothalamus",
pivot joint,,,other,,joint with the rounded end of one bone fitting into a ring formed by the other bone,
placenta,,,other,,organ that supports the diffusion of nutrients and waste between the pregnant person’s and fetus’ blood,
plagiarism,,,other,,"using other people’s work or ideas without proper citation, creating the false impression that those are the author’s original ideas",
planar joint,,,other,,joint with bones whose articulating surfaces are flat,
planktivore,,,other,,animal species that eats plankton,
plankton,,,other,,diverse group of mostly microscopic organisms that drift in marine and freshwater systems and serve as a food source for larger aquatic organisms,
planospiral,,,other,,shell shape coiled around a vertical axis,
plantar flexion,,,other,,"bending at the ankle such that the heel is lifted, such as when standing on the toes",
planuliform,,,other,,larval form found in phylum Nemertea,
plasma,,,other,,liquid component of blood that is left after the cells are removed,
plasma cell,,,other,,immune cell that secrets antibodies; these cells arise from B cells that were stimulated by antigens,
plasma membrane,,,other,,"phospholipid bilayer with embedded (integral) or attached (peripheral) proteins, and separates the cell's internal content from its surrounding environment",
plasma membrane hormone receptor,,,other,,a hormone receptor on the surface of the plasma membrane of a cell,
plasmid,,,other,,"extrachromosomal, covalently closed, circular DNA molecule that may only contain one or a few genes; common in prokaryotes",
plasmodesma,,,other,,"(plural = plasmodesmata) channel that passes between adjacent plant cells' cell walls, connects their cytoplasm, and allows transporting of materials from cell to cell",
plasmogamy,,,other,,fusion of cytoplasm,
plasmolysis,,,other,,detaching the cell membrane from the cell wall and constricting the cell membrane when a plant cell is in a hypertonic solution,
plastid,,,other,,"one of a group of related organelles in plant cells that are involved in the storage of starches, fats, proteins, and pigments",
platelet,,,other,,"(also, thrombocyte) small cellular fragment that collects at wounds, cross-reacts with clotting factors, and forms a plug to prevent blood loss",
pleura,,,other,,tissue layer that surrounds the lungs and lines the interior of the thoracic cavity,
pleurisy,,,other,,painful inflammation of the pleural tissue layers,
plumule,,,other,,shoot that develops from the germinating seed,
pneumatic bone,,,other,,air-filled bone,
point mutation,,,other,,mutation that affects a single base,
polar covalent bond,,,other,,"type of covalent bond that forms as a result of unequal electron sharing, resulting in creating slightly positive and negative charged molecule regions",
polar nuclei,,,other,,found in the ovule sac; fusion with one sperm cell forms the endosperm,
pollen grain,,,other,,structure containing the male gametophyte of the plant,
pollen tube,,,other,,extension from the pollen grain that delivers sperm to the egg cell,
pollination,,,other,,transfer of pollen from the anther to the stigma,
poly-A tail,,,other,,modification added to the 3' end of pre-mRNAs to protect mRNA from degradation and assist mRNA export from the nucleus,
polyandry,,,other,,mating system where one female mates with many males,
polycarpic,,,other,,plants that flower several times in their lifetime,
polygenic,,,other,,phenotypic characteristic caused by two or more genes,
polygyny,,,other,,mating system where one male mates with many females,
polymer,,,other,,chain of monomer residues that covalent bonds link; polymerization is the process of polymer formation from monomers by condensation,
polymerase chain reaction (PCR),,,other,,technique to amplify DNA,
polymorphic,,,other,,possessing multiple body plans within the lifecycle of a group of organisms,
polynucleotide,,,other,,long chain of nucleotides,
polyp,,,other,,"stalk-like sessile life form of a cnidarians with mouth and tentacles facing upward, usually sessile but may be able to glide along surface",
polypeptide,,,other,,long chain of amino acids that peptide bonds link,
polyphyletic group,,,other,,group of organisms that is of mixed evolutionary origin,
polyploid,,,other,,individual with an incorrect number of chromosome sets,
polysaccharide,,,other,,long chain of monosaccharides; may be branched or unbranched,
polysome,,,other,,mRNA molecule simultaneously being translated by many ribosomes all going in the same direction,
polyspermy,,,other,,condition in which one egg is fertilized by multiple sperm,
polytomy,,,other,,branch on a phylogenetic tree with more than two groups or taxa,
population,,,other,,all of the individuals of a species living within a specific area,
population density,,,other,,number of population members divided by the area or volume being measured,
population genetics,,,other,,study of how selective forces change the allele frequencies in a population over time,
population growth rate,,,other,,number of organisms added in each reproductive generation,
population variation,,,other,,distribution of phenotypes in a population,
positive feedback loop,,,other,,feedback to a control mechanism that continues the direction of a stimulus,
positive gravitropism,,,other,,growth toward Earth’s gravitational center,
positive polarity,,,other,,ssRNA virus with a genome that contains the same base sequences and codons found in their mRNA,
positive regulator,,,other,,protein that increases transcription,
post-anal tail,,,other,,"muscular, posterior elongation of the body extending beyond the anus in chordates",
post-transcriptional,,,other,,control of gene expression after the RNA molecule has been created but before it is translated into protein,
post-translational,,,other,,control of gene expression after a protein has been created,
posterior pituitary,,,other,,"extension of the brain that releases hormones produced by the hypothalamus; along with the infundibulum, it is also referred to as the neurohypophysis",
postzygotic barrier,,,other,,reproductive isolation mechanism that occurs after zygote formation,
potential energy,,,other,,energy type that has the potential to do work; stored energy,
potocytosis,,,other,,variation of pinocytosis that uses a different coating protein (caveolin) on the plasma membrane's cytoplasmic side,
precapillary sphincter,,,other,,small muscle that controls blood circulation in the capillary beds,
predator,,,other,,organism that kills and consumes another organism,
preinitiation complex,,,other,,cluster of transcription factors and other proteins that recruit RNA polymerase II for transcription of a DNA template,
presbyopia,,,other,,"visual defect in which the image focus falls behind the retina, thereby making images in the distance clear, but close-up images blurry; caused by age-based changes in the lens",
prezygotic barrier,,,other,,reproductive isolation mechanism that occurs before zygote formation,
primary active transport,,,other,,active transport that moves ions or small molecules across a membrane and may create a difference in charge across that membrane,
primary bronchus,,,other,,"(also, main bronchus) region of the airway within the lung that attaches to the trachea and bifurcates to each lung where it branches into secondary bronchi",
primary consumer,,,other,,trophic level that obtains its energy from the primary producers of an ecosystem,
primary electron acceptor,,,other,,pigment or other organic molecule in the reaction center that accepts an energized electron from the reaction center,
primary feather,,,other,,feather located at the tip of the wing that provides thrust,
primary growth,,,other,,growth resulting in an increase in length of the stem and the root; caused by cell division in the shoot or root apical meristem,
primary producer,,,other,,"trophic level that obtains its energy from sunlight, inorganic chemicals, or dead and/or decaying organic material",
primary structure,,,other,,linear sequence of amino acids in a protein,
primary succession,,,other,,succession on land that previously has had no life,
primase,,,other,,enzyme that synthesizes the RNA primer; the primer is needed for DNA pol to start synthesis of a new DNA strand,
primer,,,other,,"short stretch of nucleotides that is required to initiate replication; in the case of replication, the primer has RNA nucleotides",
prion,,,other,,infectious particle that consists of proteins that replicate without DNA or RNA,
probe,,,other,,small DNA fragment to determine if the complementary sequence is present in a DNA sample,
product,,,other,,molecule that is result of chemical reaction,
product rule,,,other,,probability of two independent events occurring simultaneously can be calculated by multiplying the individual probabilities of each event occurring alone,
productive,,,other,,viral infection that leads to the production of new virions,
progesterone,,,other,,reproductive hormone in females; assists in endometrial regrowth and inhibition of FSH and LH release,
prognathic jaw,,,other,,long jaw,
progymnosperm,,,other,,"transitional group of plants that resembled conifers because they produced wood, yet still reproduced like ferns",
prokaryote,,,other,,single-celled organism that lacks organelles and does not have nuclei surrounded by a nuclear membrane,
prolactin (PRL),,,other,,hormone produced by the anterior pituitary that stimulates milk production,
prolactin-inhibiting hormone,,,other,,hormone produced by the hypothalamus that inhibits the release of prolactin,
prolactin-releasing hormone,,,other,,hormone produced by the hypothalamus that stimulates the release of prolactin,
prometaphase,,,other,,stage of mitosis during which the nuclear membrane breaks down and mitotic spindle fibers attach to kinetochores,
promoter,,,other,,DNA sequence to which RNA polymerase and associated factors bind and initiate transcription,
pronation,,,other,,movement in which the palm faces backward,
proofreading,,,other,,function of DNA pol in which it reads the newly added base before adding the next one,
prophage,,,other,,phage DNA that is incorporated into the host cell genome,
prophase,,,other,,stage of mitosis during which chromosomes condense and the mitotic spindle begins to form,
proprioception,,,other,,sense about how parts of the body are oriented in space,
prosimian,,,other,,"division of primates that includes bush babies and pottos of Africa, lemurs of Madagascar, and lorises of Southeast Asia",
prostate gland,,,other,,structure that is a mixture of smooth muscle and glandular material and that contributes to semen,
prosthetic group,,,other,,(also prosthetic cofactor) molecule bound to a protein that facilitates the function of the protein,
protease,,,other,,enzyme that breaks down proteins,
proteasome,,,other,,organelle that degrades proteins,
protein,,,other,,biological macromolecule comprised of one or more amino acid chains,
protein signature,,,other,,set of uniquely expressed proteins in the diseased state,
proteome,,,other,,entire set of proteins that cell type produces,
proteomics,,,other,,study of proteomes' function,
proto-oncogene,,,other,,normal gene that when mutated becomes an oncogene,
proton,,,other,,positively charged particle that resides in the atom's nucleus; has a mass of one amu and a charge of +1,
protonema,,,other,,tangle of single-celled filaments that forms from the haploid spore,
protostome,,,other,,"blastopore develops into the mouth of protostomes, with the second opening developing into the anus",
protraction,,,other,,anterior movement of a bone in the horizontal plane,
proventriculus,,,other,,glandular part of a bird’s stomach,
proximal convoluted tubule (PCT),,,other,,part of the renal tubule that lies close to the glomerulus,
pseudocoelomate,,,other,,animal with a body cavity located between the mesoderm and endoderm,
pseudopeptidoglycan,,,other,,component of archaea cell walls that is similar to peptidoglycan in morphology but contains different sugars,
pseudostratified,,,other,,"layer of epithelia that appears multilayered, but is a simple covering",
psychrophile,,,other,,organism that grows at temperatures of -15 °C or lower,
pulmocutaneous circulation,,,other,,circulatory system in amphibians; the flow of blood to the lungs and the moist skin for gas exchange,
pulmonary circulation,,,other,,flow of blood away from the heart through the lungs where oxygenation occurs and then returns to the heart again,
pump,,,other,,active transport mechanism that works against electrochemical gradients,
punctuated equilibrium,,,other,,model for rapid speciation that can occur when an event causes a small portion of a population to be cut off from the rest of the population,
pupil,,,other,,small opening through which light enters,
pure culture,,,other,,growth of a single cell type in the laboratory,
purine,,,other,,type of nitrogenous base in DNA and RNA; adenine and guanine are purines,
pyrimidine,,,other,,"type of nitrogenous base in DNA and RNA; cytosine, thymine, and uracil are pyrimidines",
pyruvate,,,other,,"three-carbon keto acid that can be decarboxylated and oxidized to make acetyl CoA, which enters the citric acid cycle under aerobic conditions; the end product of glycolysis",
quadrat,,,other,,square made of various materials used to determine population size and density in slow moving or stationary organisms,
quaternary structure,,,other,,association of discrete polypeptide subunits in a protein,
quiescent,,,other,,refers to a cell that is performing normal cell functions and has not initiated preparations for cell division,
quorum sensing,,,other,,method of cellular communication used by bacteria that informs them of the abundance of similar (or different) bacteria in the environment,
radial cleavage,,,other,,"cleavage axes are parallel or perpendicular to the polar axis, resulting in the alignment of cells between the two poles",
radial glia,,,other,,glia that serve as scaffolds for developing neurons as they migrate to their final destinations,
radial symmetry,,,other,,"type of symmetry with multiple planes of symmetry, with body parts (rays) arranged around a central disk",
radiation hybrid mapping,,,other,,information obtained by fragmenting the chromosome with x-rays,
radicle,,,other,,original root that develops from the germinating seed,
radioisotope,,,other,,isotope that emits radiation comprised of subatomic particles to form more stable elements,
radioresistant,,,other,,organism that grows in high levels of radiation,
radius,,,other,,bone located along the lateral (thumb) side of the forearm; articulates with the humerus at the elbow,
radula,,,other,,tongue-like organ with chitinous ornamentation,
raphe,,,other,,slit in the silica shell of diatoms through which the protist secretes a stream of mucopolysaccharides for locomotion and attachment to substrates,
reactant,,,other,,molecule that takes part in a chemical reaction,
reaction center,,,other,,complex of chlorophyll molecules and other organic molecules that is assembled around a special pair of chlorophyll molecules and a primary electron acceptor; capable of undergoing oxidation and reduction,
reading frame,,,other,,sequence of triplet codons in mRNA that specify a particular protein; a ribosome shift of one or two nucleotides in either direction completely abolishes synthesis of that protein,
reception,,,other,,receipt of a signal (such as light or sound) by sensory receptors,
receptive field,,,other,,region in space in which a stimulus can activate a given sensory receptor,
receptor,,,other,,protein in or on a target cell that bind to ligands,
receptor potential,,,other,,membrane potential in a sensory receptor in response to detection of a stimulus,
receptor-mediated endocytosis,,,other,,"variation of endocytosis that involves using specific binding proteins in the plasma membrane for specific molecules or particles, and clathrin-coated pits that become clathrin-coated vesicles",
recessive,,,other,,"trait that appears “latent” or non-expressed when the individual also carries a dominant trait for that same characteristic; when present as two identical copies, the recessive trait is expressed",
recessive lethal,,,other,,"inheritance pattern in which an allele is only lethal in the homozygous form; the heterozygote may be normal or have some altered, nonlethal phenotype",
reciprocal cross,,,other,,paired cross in which the respective traits of the male and female in one cross become the respective traits of the female and male in the other cross,
recombinant DNA,,,other,,combining DNA fragments that molecular cloning generates that do not exist in nature; also a chimeric molecule,
recombinant protein,,,other,,a gene's protein product derived by molecular cloning,
recombination frequency,,,other,,average number of crossovers between two alleles; observed as the number of nonparental types in a progeny's population,
recombination nodules,,,other,,protein assemblies formed on the synaptonemal complex that mark the points of crossover events and mediate the multistep process of genetic recombination between nonsister chromatids of a homologous pair,
recruitment,,,other,,process of opening airways that normally remain closed when the cardiac output increases,
rectum,,,other,,area of the body where feces is stored until elimination,
red blood cell,,,other,,"small (7–8 μm) biconcave cell without mitochondria (and in mammals without nuclei) that is packed with hemoglobin, giving the cell its red color; transports oxygen through the body",
redox reaction,,,other,,chemical reaction that consists of the coupling of an oxidation reaction and a reduction reaction,
reduction,,,other,,gain of electron(s) by an atom or molecule,
reduction division,,,other,,nuclear division that produces daughter nuclei each having one-half as many chromosome sets as the parental nucleus; meiosis I is a reduction division,
reflex action,,,other,,action in response to direct physical stimulation of a nerve,
refractory period,,,other,,period after an action potential when it is more difficult or impossible for an action potential to be fired; caused by inactivation of sodium channels and activation of additional potassium channels of the membrane,
reinforcement,,,other,,continued speciation divergence between two related species due to low fitness of hybrids between them,
relative fitness,,,other,,individual’s ability to survive and reproduce relative to the rest of the population,
relative species abundance,,,other,,absolute population size of a particular species relative to the population sizes of other species within the community,
renal artery,,,other,,branch of the artery that enters the kidney,
renal capsule,,,other,,layer that encapsulates the kidneys,
renal column,,,other,,area of the kidney through which the interlobar arteries travel in the process of supplying blood to the renal lobes,
renal corpuscle,,,other,,glomerulus and the Bowman's capsule together,
renal fascia,,,other,,connective tissue that supports the kidneys,
renal pelvis,,,other,,region in the kidney where the calyces join the ureters,
renal pyramid,,,other,,conical structure in the renal medulla,
renal tubule,,,other,,tubule of the nephron that arises from the glomerulus,
renal vein,,,other,,branch of a vein that exits the kidney and joins the inferior vena cava,
renin,,,other,,enzyme produced by the juxtaglomerular apparatus of the kidneys that reacts with angiotensinogen to cause the release of aldosterone,
renin-angiotensin-aldosterone,,,other,,"biochemical pathway that activates angiotensin II, which increases blood pressure",
replication fork,,,other,,Y-shaped structure formed during initiation of replication,
replicative intermediate,,,other,,dsRNA intermediate made in the process of copying genomic RNA,
repressor,,,other,,protein that binds to the operator of prokaryotic genes to prevent transcription,
reproductive cloning,,,other,,entire organism cloning,
reproductive isolation,,,other,,"situation that occurs when a species is reproductively independent from other species; behavior, location, or reproductive barriers may cause this to happen",
residence time,,,other,,measure of the average time an individual water molecule stays in a particular reservoir,
residual volume (RV),,,other,,amount of air remaining in the lung after a maximal expiration,
resilience (ecological),,,other,,speed at which an ecosystem recovers equilibrium after being disturbed,
resistance,,,other,,measurement of lung obstruction,
resistance (ecological),,,other,,ability of an ecosystem to remain at equilibrium in spite of disturbances,
resorption,,,other,,process by which osteoclasts release minerals stored in bones,
respiratory bronchiole,,,other,,"terminal portion of the bronchiole tree that is attached to the terminal bronchioles and alveoli ducts, alveolar sacs, and alveoli",
respiratory distress syndrome,,,other,,disease that arises from a deficient amount of surfactant,
respiratory quotient (RQ),,,other,,ratio of carbon dioxide production to each oxygen molecule consumed,
respiratory rate,,,other,,number of breaths per minute,
restriction endonuclease,,,other,,enzyme that can recognize and cleave specific DNA sequences,
restriction fragment length polymorphism (RFLP),,,other,,"variation between individuals in the length of DNA fragments, which restriction endonucleases generate",
restrictive disease,,,other,,disease that results from a restriction and decreased compliance of the alveoli; respiratory distress syndrome and pulmonary fibrosis are examples,
results,,,other,,"section of a scientific paper in which the author narrates the experimental findings and presents relevant figures, pictures, diagrams, graphs, and tables, without any further interpretation",
resuscitation,,,other,,process by which prokaryotes that are in the VBNC state return to viability,
retina,,,other,,layer of photoreceptive and supporting cells on the inner surface of the back of the eye,
retinoblastoma protein (Rb),,,other,,regulatory molecule that exhibits negative effects on the cell cycle by interacting with a transcription factor (E2F),
retraction,,,other,,movement in which a joint moves back into position after protraction,
reverse genetics,,,other,,method of determining the gene's function by starting with the gene itself instead of starting with the gene product,
reverse transcriptase,,,other,,enzyme found in Baltimore groups VI and VII that converts single-stranded RNA into double-stranded DNA,
reverse transcriptase PCR (RT-PCR),,,other,,PCR technique that involves converting RNA to DNA by reverse transcriptase,
reversible chemical reaction,,,other,,"chemical reaction that functions bidirectionally, where products may turn into reactants if their concentration is great enough",
review article,,,other,,paper that summarizes and comments on findings that were published as primary literature,
rhizobia,,,other,,soil bacteria that symbiotically interact with legume roots to form nodules and fix nitrogen,
rhizoids,,,other,,thin filaments that anchor the plant to the substrate,
rhizome,,,other,,modified underground stem that grows horizontally to the soil surface and has nodes and internodes,
rhizosphere,,,other,,area of soil affected by root secretions and microorganisms,
rho-dependent termination,,,other,,"in prokaryotes, termination of transcription by an interaction between RNA polymerase and the rho protein at a run of G nucleotides on the DNA template",
rho-independent,,,other,,termination sequence-dependent termination of prokaryotic mRNA synthesis; caused by hairpin formation in the mRNA that stalls the polymerase,
rhodopsin,,,other,,main photopigment in vertebrates,
rhynchocoel,,,other,,cavity present above the mouth that houses the proboscis,
rib,,,other,,"one of 12 pairs of long, curved bones that attach to the thoracic vertebrae and curve toward the front of the body to form the ribcage",
ribonuclease,,,other,,enzyme that breaks down RNA,
ribonucleic acid (RNA),,,other,,"single-stranded, often internally base paired, molecule that is involved in protein synthesis",
ribosomal RNA (rRNA),,,other,,RNA that ensures the proper alignment of the mRNA and the ribosomes during protein synthesis and catalyzes forming the peptide linkage,
ribosome,,,other,,cellular structure that carries out protein synthesis,
ring of life,,,other,,phylogenetic model where all three domains of life evolved from a pool of primitive prokaryotes,
rod,,,other,,"strongly photosensitive, achromatic, cylindrical neuron in the outer edges of the retina that detects dim light and is used in peripheral and nighttime vision",
root cap,,,other,,protective cells covering the tip of the growing root,
root hair,,,other,,hair-like structure that is an extension of epidermal cells; increases the root surface area and aids in absorption of water and minerals,
root system,,,other,,belowground portion of the plant that supports the plant and absorbs water and minerals,
rooted,,,other,,single ancestral lineage on a phylogenetic tree to which all organisms represented in the diagram relate,
rotational movement,,,other,,movement of a bone as it rotates around its own longitudinal axis,
rough endoplasmic reticulum (RER),,,other,,region of the endoplasmic reticulum that is studded with ribosomes and engages in protein modification and phospholipid synthesis,
roughage,,,other,,component of food that is low in energy and high in fiber,
ruminant,,,other,,animal with a stomach divided into four compartments,
runner,,,other,,stolon that runs above the ground and produces new clone plants at nodes,
saddle joint,,,other,,joint with concave and convex portions that fit together; named because the ends of each bone resemble a saddle,
sagittal plane,,,other,,plane cutting through an animal separating the individual into right and left sides,
salamander,,,other,,tailed amphibian that belongs to the clade Urodela,
salivary amylase,,,other,,"enzyme found in saliva, which converts carbohydrates to maltose",
saltatory conduction,,,other,,“jumping” of an action potential along an axon from one node of Ranvier to the next,
sand,,,other,,soil particles between 0.1–2 mm in diameter,
saprobe,,,other,,organism that derives nutrients from decaying organic matter; also saprophyte,
saprophyte,,,other,,plant that does not have chlorophyll and gets its food from dead matter,
sarcolemma,,,other,,plasma membrane of a skeletal muscle fiber,
sarcomere,,,other,,functional unit of skeletal muscle,
satellite glia,,,other,,glial cell that provides nutrients and structural support for neurons in the peripheral nervous system,
saturated fatty acid,,,other,,long-chain hydrocarbon with single covalent bonds in the carbon chain; the number of hydrogen atoms attached to the carbon skeleton is maximized,
sauropsid,,,other,,reptile or bird,
scapula,,,other,,"flat, triangular bone located at the posterior pectoral girdle",
scarification,,,other,,mechanical or chemical processes to soften the seed coat,
schizocoelom,,,other,,coelom formed by groups of cells that split from the endodermal layer,
schizocoely,,,other,,"during development of protostomes, a solid mass of mesoderm splits apart and forms the hollow opening of the coelom",
schizophrenia,,,other,,mental disorder characterized by the inability to accurately perceive reality; patients often have difficulty thinking clearly and can suffer from delusions,
science,,,other,,"knowledge that covers general truths or the operation of general laws, especially when acquired and tested by the scientific method",
scientific method,,,other,,"method of research with defined steps that include observation, formulation of a hypothesis, testing, and confirming or falsifying the hypothesis",
scion,,,other,,the part of a plant that is grafted onto the root stock of another plant,
sclerenchyma cell,,,other,,plant cell that has thick secondary walls and provides structural support; usually dead at maturity,
sclerocyte,,,other,,cell that secretes silica spicules into the mesohyl,
scrotum,,,other,,sac containing testes; exterior to the body,
scutellum,,,other,,"type of cotyledon found in monocots, as in grass seeds",
sebaceous gland,,,other,,"in mammals, a skin gland that produce a lipid mixture called sebum",
second messenger,,,other,,"small, non-protein molecule that propagates a signal within the cell after activation of a receptor causes its release",
secondary active transport,,,other,,movement of material that results from primary active transport to the electrochemical gradient,
secondary consumer,,,other,,usually a carnivore that eats primary consumers,
secondary feather,,,other,,feather located at the base of the wing that provides lift,
secondary growth,,,other,,growth resulting in an increase in thickness or girth; caused by the lateral meristem and cork cambium,
secondary plant compound,,,other,,"compound produced as byproducts of plant metabolic processes that is usually toxic, but is sequestered by the plant to defend against herbivores",
secondary structure,,,other,,regular structure that proteins form by intramolecular hydrogen bonding between the oxygen atom of one amino acid residue and the hydrogen attached to the nitrogen atom of another amino acid residue,
secondary succession,,,other,,succession in response to environmental disturbances that move a community away from its equilibrium,
secretin,,,other,,hormone which stimulates sodium bicarbonate secretion in the small intestine,
seed,,,other,,"structure containing the embryo, storage tissue, and protective coat",
seedless vascular plant,,,other,,plant that does not produce seeds,
segmental artery,,,other,,artery that branches from the renal artery,
selective pressure,,,other,,environmental factor that causes one phenotype to be better than another,
selectively permeable,,,other,,membrane characteristic that allows some substances through (also known as semipermeable),
self-pollination,,,other,,transfer of pollen from the anther to the stigma of the same flower,
semelparity,,,other,,life history strategy characterized by a single reproductive event followed by death,
semen,,,other,,fluid mixture of sperm and supporting materials,
semi-permeable membrane,,,other,,membrane that allows only certain solutes to pass through,
semicircular canal,,,other,,"one of three half-circular, fluid-filled tubes in the vestibular labyrinth that monitors angular acceleration and deceleration",
semilunar valve,,,other,,membranous flap of connective tissue between the aorta and a ventricle of the heart (the aortic or pulmonary semilunar valves),
seminal vesicle,,,other,,secretory accessory gland in males; contributes to semen,
seminiferous tubule,,,other,,site of sperm production in testes,
senescence,,,other,,process that describes aging in plant tissues,
sensory receptor,,,other,,specialized neuron or other cells associated with a neuron that is modified to receive specific sensory input,
sensory transduction,,,other,,conversion of a sensory stimulus into electrical energy in the nervous system by a change in the membrane potential,
sensory-somatic nervous system,,,other,,system of sensory and motor nerves,
sepal,,,other,,modified leaf that encloses the bud; outermost structure of a flower,
septa,,,other,,cell wall division between hyphae,
septum,,,other,,structure formed in a bacterial cell as a precursor to the separation of the cell into two daughter cells,
sequence mapping,,,other,,mapping information obtained after DNA sequencing,
serendipity,,,other,,fortunate accident or a lucky surprise,
serotype,,,other,,"strain of bacterium that carries a set of similar antigens on its cell surface, often many in a bacterial species",
serum,,,other,,plasma without the coagulation factors,
sesamoid bone,,,other,,"small, flat bone shaped like a sesame seed; develops inside tendons",
sessile,,,other,,leaf without a petiole that is attached directly to the plant stem,
set point,,,other,,midpoint or target point in homeostasis,
seta,,,other,,stalk that supports the capsule in mosses,
seta/chaeta,,,other,,chitinous projection from the cuticle,
sex-linked,,,other,,any gene on a sex chromosome,
sexual dimorphism,,,other,,phenotypic difference between a population's males and females,
sexual reproduction,,,other,,mixing of genetic material from two individuals to produce genetically unique offspring,
shared ancestral character,,,other,,describes a characteristic on a phylogenetic tree that all organisms on the tree share,
shared derived character,,,other,,describes a characteristic on a phylogenetic tree that only a certain clade of organisms share,
shoot system,,,other,,"aboveground portion of the plant; consists of nonreproductive plant parts, such as leaves and stems, and reproductive parts, such as flowers and fruits",
short bone,,,other,,"bone that has the same width and length, giving it a cube-like shape",
shotgun sequencing,,,other,,method used to sequence multiple DNA fragments to generate the sequence of a large piece of DNA,
sickle cell anemia,,,other,,"genetic disorder that affects the shape of red blood cells, and their ability to transport oxygen and move through capillaries",
sieve-tube cell,,,other,,phloem cell arranged end to end to form a sieve tube that transports organic substances such as sugars and amino acids,
signal,,,other,,"method of communication between animals including those obtained by the senses of smell, hearing, sight, or touch",
signal integration,,,other,,interaction of signals from two or more different cell-surface receptors that merge to activate the same response in the cell,
signal sequence,,,other,,short tail of amino acids that directs a protein to a specific cellular compartment,
signal transduction,,,other,,propagation of the signal through the cytoplasm (and sometimes also the nucleus) of the cell,
signaling cell,,,other,,cell that releases signal molecules that allow communication with another cell,
signaling pathway,,,other,,(also signaling cascade) chain of events that occurs in the cytoplasm of the cell to propagate the signal from the plasma membrane to produce a response,
silent mutation,,,other,,mutation that is not expressed,
silt,,,other,,soil particles between 0.002 and 0.1 mm in diameter,
simple epithelia,,,other,,single layer of epithelial cells,
simple fruit,,,other,,fruit that develops from a single carpel or fused carpels,
simple leaf,,,other,,leaf type in which the lamina is completely undivided or merely lobed,
simulation model,,,other,,ecosystem model that is created with computer programs to holistically model ecosystems and to predict the effects of environmental disturbances on ecosystem structure and dynamics,
single nucleotide polymorphism (SNP),,,other,,variation between individuals in a single nucleotide,
single-strand binding protein,,,other,,"during replication, protein that binds to the single-stranded DNA; this helps in keeping the two strands of DNA apart so that they may serve as templates",
sink,,,other,,"growing parts of a plant, such as roots and young leaves, which require photosynthate",
sinoatrial (SA) node,,,other,,the heart’s internal pacemaker; located near the wall of the right atrium,
siphon,,,other,,tubular structure that serves as an inlet for water into the mantle cavity,
sister taxa,,,other,,two lineages that diverged from the same branch point,
skeletal muscle tissue,,,other,,"forms skeletal muscles, which attach to bones and control locomotion and any movement that can be consciously controlled",
skull,,,other,,bone that supports the structures of the face and protects the brain,
sliding clamp,,,other,,ring-shaped protein that holds the DNA pol on the DNA strand,
small 40S ribosomal subunit,,,other,,ribosomal subunit that binds to the RNA to translate it into protein,
small intestine,,,other,,"organ where digestion of protein, fats, and carbohydrates is completed",
small nuclear RNA,,,other,,"molecules synthesized by RNA polymerase III that have a variety of functions, including splicing pre-mRNAs and regulating transcription factors",
smooth endoplasmic reticulum (SER),,,other,,"region of the endoplasmic reticulum that has few or no ribosomes on its cytoplasmic surface and synthesizes carbohydrates, lipids, and steroid hormones; detoxifies certain chemicals (like pesticides, preservatives, medications, and environmental pollutants), and stores calcium ions",
smooth muscle tissue,,,other,,"occurs in the walls of hollow organs such as the intestines, stomach, and urinary bladder, and around passages such as the respiratory tract and blood vessels",
soil,,,other,,outer loose layer that covers the surface of Earth,
soil profile,,,other,,vertical section of a soil,
solar intensity,,,other,,amount of solar power energy the sun emits in a given amount of time,
solute,,,other,,substance dissolved in a liquid to form a solution,
solvent,,,other,,substance capable of dissolving another substance,
somatic cell,,,other,,all the cells of a multicellular organism except the gametes or reproductive cells,
somatosensation,,,other,,sense of touch,
somatostatin,,,other,,hormone released to stop acid secretion when the stomach is empty,
somite,,,other,,group of cells separated by small spaces that form from the mesoderm and give rise to connective tissue,
soredia,,,other,,clusters of algal cells and mycelia that allow lichens to propagate,
source,,,other,,organ that produces photosynthate for a plant,
source water,,,other,,point of origin of a river or stream,
speciation,,,other,,formation of a new species,
species,,,other,,group of populations that interbreed and produce fertile offspring,
species dispersion pattern,,,other,,"(also, species distribution pattern) spatial location of individuals of a given species within a habitat at a particular point in time",
species richness,,,other,,number of different species in a community,
species-area relationship,,,other,,relationship between area surveyed and number of species encountered; typically measured by incrementally increasing the area of a survey and determining the cumulative numbers of species,
specific heat capacity,,,other,,the amount of heat one gram of a substance must absorb or lose to change its temperature by one degree Celsius,
spectrophotometer,,,other,,instrument that can measure transmitted light and compute the absorption,
spermatheca,,,other,,specialized sac that stores sperm for later use,
spermatogenesis,,,other,,process of producing haploid sperm,
spermatophyte,,,other,,seed plant; from the Greek sperm (seed) and phyte (plant),
sphere of hydration,,,other,,when a polar water molecule surrounds charged or polar molecules thus keeping them dissolved and in solution,
sphincter,,,other,,band of muscle that controls movement of materials throughout the digestive tract,
spicule,,,other,,structure made of silica or calcium carbonate that provides structural support for sponges,
spinal cord,,,other,,thick fiber bundle that connects the brain with peripheral nerves; transmits sensory and motor information; contains neurons that control motor reflexes,
spinal nerve,,,other,,nerve projecting between skin or muscle and spinal cord,
spiral cleavage,,,other,,cells of one pole of the embryo are rotated or misaligned with respect to the cells of the opposite pole,
spirometry,,,other,,method to measure lung volumes and to diagnose lung diseases,
splicing,,,other,,process of removing introns and reconnecting exons in a pre-mRNA,
spongocoel,,,other,,central cavity within the body of some sponges,
spongy bone tissue,,,other,,forms the inner layer of all bones,
spontaneous mutation,,,other,,mutation that takes place in the cells as a result of chemical reactions taking place naturally without exposure to any external agent,
sporangium,,,other,,reproductive sac that contains spores,
spore,,,other,,haploid cell that can produce a haploid multicellular organism or can fuse with another spore to form a diploid cell,
sporocyte,,,other,,diploid cell that produces spores by meiosis,
sporophyll,,,other,,leaf modified structurally to bear sporangia,
sporophyte,,,other,,a multicellular diploid life-cycle stage that produces haploid spores by meiosis,
sporopollenin,,,other,,tough polymer surrounding the spore,
squamous epithelia,,,other,,"type of epithelia made of flat cells, specialized in aiding diffusion or preventing abrasion",
stabilizing selection,,,other,,selection that favors average phenotypes,
stamen,,,other,,structure that contains the male reproductive organs,
standard metabolic rate (SMR),,,other,,metabolic rate at rest in ectothermic animals,
stapes,,,other,,"(also, stirrup) third of the three bones of the middle ear",
starch,,,other,,storage carbohydrate in plants,
start codon,,,other,,"AUG (or rarely, GUG) on an mRNA from which translation begins; always specifies methionine",
statolith,,,other,,"(also, amyloplast) plant organelle that contains heavy starch granules",
stele,,,other,,inner portion of the root containing the vascular tissue; surrounded by the endodermis,
stereocilia,,,other,,"in the auditory system, hair-like projections from hair cells that help detect sound waves",
stereoscopic vision,,,other,,two overlapping fields of vision from the eyes that produces depth perception,
sternum,,,other,,"(also, breastbone) long, flat bone located at the front of the chest",
steroid,,,other,,type of lipid comprised of four fused hydrocarbon rings forming a planar structure,
stigma,,,other,,uppermost structure of the carpel where pollen is deposited,
stipule,,,other,,small green structure found on either side of the leaf stalk or petiole,
stolon,,,other,,modified stem that runs parallel to the ground and can give rise to new plants at the nodes,
stoma,,,other,,"opening that regulates gas exchange and water evaporation between leaves and the environment, typically situated on the underside of leaves",
stomach,,,other,,saclike organ containing acidic digestive juices,
stratified epithelia,,,other,,multiple layers of epithelial cells,
streptophytes,,,other,,group that includes green algae and land plants,
strigolactone,,,other,,hormone that promotes seed germination in some species and inhibits lateral apical development in the absence of auxins,
strobili,,,other,,cone-like structures that contain the sporangia,
strobilus,,,other,,"plant structure with a tight arrangement of sporophylls around a central stalk, as seen in cones or flowers; the male strobilus produces pollen, and the female strobilus produces eggs",
stroke volume,,,other,,the volume of blood pumped into the aorta per contraction of the left ventricle,
stroma,,,other,,fluid-filled space surrounding the grana inside a chloroplast where the light-independent reactions of photosynthesis take place,
stromatolite,,,other,,layered sedimentary structure formed by precipitation of minerals by prokaryotes in microbial mats,
structural isomers,,,other,,molecules that share a chemical formula but differ in the placement of their chemical bonds,
style,,,other,,"long, thin structure that links the stigma to the ovary",
subduction,,,other,,movement of one tectonic plate beneath another,
substituted hydrocarbon,,,other,,hydrocarbon chain or ring containing an atom of another element in place of one of the backbone carbons,
substrate,,,other,,molecule on which the enzyme acts,
substrate-level phosphorylation,,,other,,production of ATP from ADP using the excess energy from a chemical reaction and a phosphate group from a reactant,
sucrase,,,other,,enzyme that breaks down sucrose into glucose and fructose,
sulcus,,,other,,(plural: sulci) indents or “valleys” in the cortex,
sum rule,,,other,,probability of the occurrence of at least one of two mutually exclusive events is the sum of their individual probabilities,
summation,,,other,,process of multiple presynaptic inputs creating EPSPs around the same time for the postsynaptic neuron to be sufficiently depolarized to fire an action potential,
superior colliculus,,,other,,"paired structure in the top of the midbrain, which manages eye movements and auditory integration",
superior vena cava,,,other,,drains blood from the jugular vein that comes from the brain and from the veins that come from the arms,
supination,,,other,,movement of the radius and ulna bones of the forearm so that the palm faces forward,
suprachiasmatic nucleus,,,other,,cluster of cells in the hypothalamus that plays a role in the circadian cycle,
surface tension,,,other,,tension at the surface of a body of liquid that prevents the molecules from separating; created by the attractive cohesive forces between the liquid's molecules,
surfactant,,,other,,detergent-like liquid in the airways that lowers the surface tension of the alveoli to allow for expansion,
survivorship curve,,,other,,graph of the number of surviving population members versus the relative age of the member,
suspensor,,,other,,part of the growing embryo that makes connection with the maternal tissues,
sutural bone,,,other,,"small, flat, irregularly shaped bone that forms between the flat bones of the cranium",
suture,,,other,,short fiber of connective tissue that holds the skull bones tightly in place; found only in the skull,
swim bladder,,,other,,"in fishes, a gas filled organ that helps to control the buoyancy of the fish",
symbiont,,,other,,plant in a symbiotic relationship with bacteria or fungi,
symbiosis,,,other,,close interaction between individuals of different species over an extended period of time that impacts the abundance and distribution of the associating populations,
sympathetic nervous system,,,other,,division of autonomic nervous system activated during stressful “fight or flight” situations,
sympatric speciation,,,other,,speciation that occurs in the same geographic space,
symphysis,,,other,,"hyaline cartilage covers the end of the bone, but the connection between bones occurs through fibrocartilage; symphyses are found at the joints between vertebrae",
symporter,,,other,,"transporter that carries two different ions or small molecules, both in the same direction",
synapse,,,other,,junction between two neurons where neuronal signals are communicated,
synapsid,,,other,,mammal having one temporal fenestra,
synapsis,,,other,,formation of a close association between homologous chromosomes during prophase I,
synaptic cleft,,,other,,space between the presynaptic and postsynaptic membranes,
synaptic signal,,,other,,chemical signal (neurotransmitter) that travels between nerve cells,
synaptic vesicle,,,other,,spherical structure that contains a neurotransmitter,
synaptonemal complex,,,other,,"protein lattice that forms between homologous chromosomes during prophase I, supporting crossover",
synarthrosis,,,other,,joint that is immovable,
synchondrosis,,,other,,bones joined by hyaline cartilage; synchondroses are found in the epiphyseal plates of growing bones in children,
syndesmosis,,,other,,"joint in which the bones are connected by a band of connective tissue, allowing for more movement than in a suture",
synergid,,,other,,type of cell found in the ovule sac that secretes chemicals to guide the pollen tube towards the egg,
synovial joint,,,other,,only joint that has a space between the adjoining bones,
systematics,,,other,,field of organizing and classifying organisms based on evolutionary relationships,
systemic circulation,,,other,,"flow of blood away from the heart to the brain, liver, kidneys, stomach, and other organs, the limbs, and the muscles of the body, and then the return of this blood to the heart",
systems biology,,,other,,study of whole biological systems (genomes and proteomes) based on interactions within the system,
systole,,,other,,contraction phase of cardiac cycle when the ventricles are pumping blood into the arteries,
tadpole,,,other,,larval stage of a frog,
tap root system,,,other,,type of root system with a main root that grows vertically with few lateral roots; found in dicots,
target cell,,,other,,cell that has a receptor for a signal or ligand from a signaling cell,
tarsal,,,other,,one of the seven bones of the ankle,
tastant,,,other,,food molecule that stimulates gustatory receptors,
taste bud,,,other,,clusters of taste cells,
taxis,,,other,,directed movement in response to a stimulus,
taxon,,,other,,(plural: taxa) single level in the taxonomic classification system,
taxonomy,,,other,,science of classifying organisms,
tectorial membrane,,,other,,cochlear structure that lies above the hair cells and participates in the transduction of sound at the hair cells,
tegmen,,,other,,inner layer of the seed coat,
teichoic acid,,,other,,polymer associated with the cell wall of Gram-positive bacteria,
telomerase,,,other,,enzyme that contains a catalytic part and an inbuilt RNA template; it functions to maintain telomeres at chromosome ends,
telomere,,,other,,DNA at the end of linear chromosomes,
telophase,,,other,,"stage of mitosis during which chromosomes arrive at opposite poles, decondense, and are surrounded by a new nuclear envelope",
template strand,,,other,,strand of DNA that specifies the complementary mRNA molecule,
temporal fenestra,,,other,,non-orbital opening in the skull that may allow muscles to expand and lengthen,
temporal isolation,,,other,,differences in breeding schedules that can act as a form of prezygotic barrier leading to reproductive isolation,
temporal lobe,,,other,,"part of the cerebral cortex that processes auditory input; parts of the temporal lobe are involved in speech, memory, and emotion processing",
tendril,,,other,,"modified stem consisting of slender, twining strands used for support or climbing",
terminal bronchiole,,,other,,region of bronchiole that attaches to the respiratory bronchioles,
tertiary consumer,,,other,,carnivore that eats other carnivores,
tertiary structure,,,other,,"a protein's three-dimensional conformation, including interactions between secondary structural elements; formed from interactions between amino acid side chains",
test,,,other,,porous shell of a foram that is built from various organic materials and typically hardened with calcium carbonate,
test cross,,,other,,cross between a dominant expressing individual with an unknown genotype and a homozygous recessive individual; the offspring phenotypes indicate whether the unknown parent is heterozygous or homozygous for the dominant trait,
testa,,,other,,outer layer of the seed coat,
testes,,,other,,pair of reproductive organs in males,
testosterone,,,other,,reproductive hormone in men that assists in sperm production and promoting secondary sexual characteristics,
tetrad,,,other,,two duplicated homologous chromosomes (four chromatids) bound together by chiasmata during prophase I,
tetrapod,,,other,,"phylogenetic reference to an organism with a four-footed evolutionary history; includes amphibians, reptiles, birds, and mammals",
thalamus,,,other,,brain area that relays sensory information to the cortex,
thalassemia,,,other,,"rare genetic disorder that results in mutation of the alpha or beta subunits of hemoglobin, creating smaller red blood cells with less hemoglobin",
thallus,,,other,,vegetative body of a fungus,
theory,,,other,,tested and confirmed explanation for observations or phenomena,
thermocline,,,other,,layer of water with a temperature that is significantly different from that of the surrounding layers,
thermodynamics,,,other,,study of energy and energy transfer involving physical matter,
thermophile,,,other,,organism that lives at temperatures between 60–80 °C,
thermoregulation,,,other,,regulation of body temperature,
theropod,,,other,,dinosaur group ancestral to birds,
thick filament,,,other,,a group of myosin molecules,
thigmomorphogenesis,,,other,,developmental response to touch,
thigmonastic,,,other,,directional growth of a plant independent of the direction in which contact is applied,
thigmotropism,,,other,,directional growth of a plant in response to constant contact,
thin filament,,,other,,two polymers of actin wound together along with tropomyosin and troponin,
thoracic cage,,,other,,"(also, ribcage) skeleton of the chest, which consists of the ribs, thoracic vertebrae, sternum, and costal cartilages",
thorn,,,other,,modified stem branch appearing as a sharp outgrowth that protects the plant,
threshold of excitation,,,other,,level of depolarization needed for an action potential to fire,
thylakoid,,,other,,"disc-shaped, membrane-bound structure inside a chloroplast where the light-dependent reactions of photosynthesis take place; stacks of thylakoids are called grana",
thylakoid lumen,,,other,,aqueous space bound by a thylakoid membrane where protons accumulate during light-driven electron transport,
thymus,,,other,,gland located behind the sternum that produces thymosin hormones that contribute to the development of the immune system,
thyroglobulin,,,other,,glycoprotein found in the thyroid that is converted into thyroid hormone,
thyroid gland,,,other,,endocrine gland located in the neck that produces thyroid hormones thyroxine and triiodothyronine,
thyroid-stimulating hormone (TSH),,,other,,hormone produced by the anterior pituitary that controls the release of T3 and T4 from the thyroid gland,
tibia,,,other,,"(also, shinbone) large bone of the leg that is located directly below the knee",
tidal volume (TV),,,other,,amount of air that is inspired and expired during normal breathing,
tight junction,,,other,,protein adherence that creates a firm seal between two adjacent animal cells,
tissue,,,other,,group of similar cells carrying out related functions,
tonic activity,,,other,,"in a neuron, slight continuous activity while at rest",
tonicity,,,other,,amount of solute in a solution,
topoisomerase,,,other,,enzyme that prevents overwinding of DNA when DNA replication is taking place,
torpor,,,other,,decrease in activity and metabolism that allows an animal to survive adverse conditions,
total lung capacity (TLC),,,other,,"sum of the residual volume, expiratory reserve volume, tidal volume, and inspiratory reserve volume",
trabecula,,,other,,tiny plate that makes up spongy bone and gives it strength,
trabeculae,,,other,,lamellae that are arranged as rods or plates,
trachea,,,other,,cartilaginous tube that transports air from the larynx to the primary bronchi,
tracheid,,,other,,xylem cell with thick secondary walls that helps transport water,
tracheophyte,,,other,,vascular plant,
tragedy of the commons,,,other,,economic principle that resources held in common will inevitably be overexploited,
trait,,,other,,variation in the physical appearance of a heritable characteristic,
trans fat,,,other,,"fat formed artificially by hydrogenating oils, leading to a different arrangement of double bond(s) than those in naturally occurring lipids",
transcription,,,other,,process through which messenger RNA forms on a template of DNA,
transcription bubble,,,other,,region of locally unwound DNA that allows for transcription of mRNA,
transcription factor,,,other,,protein that binds to the DNA at the promoter or enhancer region and that influences transcription of a gene,
transcription factor binding site,,,other,,sequence of DNA to which a transcription factor binds,
transcriptional start site,,,other,,site at which transcription begins,
transduction,,,other,,process by which a bacteriophage moves DNA from one prokaryote to another,
transfer RNA (tRNA),,,other,,RNA that carries activated amino acids to the site of protein synthesis on the ribosome,
transformation,,,other,,process in which external DNA is taken up by a cell,
transgenic,,,other,,organism that receives DNA from a different species,
transition state,,,other,,"high-energy, unstable state (an intermediate form between the substrate and the product) occurring during a chemical reaction",
transition substitution,,,other,,when a purine is replaced with a purine or a pyrimidine is replaced with another pyrimidine,
transitional epithelia,,,other,,epithelia that can transition for appearing multilayered to simple; also called uroepithelial,
translation,,,other,,process through which RNA directs the protein's formation,
translocation,,,other,,"process by which one chromosome segment dissociates and reattaches to a different, nonhomologous chromosome",
transpiration,,,other,,loss of water vapor to the atmosphere through stomata,
transport maximum,,,other,,maximum amount of solute that can be transported out of the renal tubules during reabsorption,
transport protein,,,other,,membrane protein that facilitates a substance's passage across a membrane by binding it,
transporter,,,other,,specific carrier proteins or pumps that facilitate movement,
transverse (horizontal) plane,,,other,,plane cutting through an animal separating the individual into upper and lower portions,
transversion substitution,,,other,,when a purine is replaced by a pyrimidine or a pyrimidine is replaced by a purine,
"triacylglycerol (also, triglyceride)",,,other,,fat molecule; consists of three fatty acids linked to a glycerol molecule,
trichome,,,other,,hair-like structure on the epidermal surface,
tricuspid valve,,,other,,one-way membranous flap of connective tissue between the atrium and the ventricle in the right side of the heart; also known as atrioventricular valve,
triploblast,,,other,,animal that develops from three germ layers,
trisomy,,,other,,otherwise diploid genotype in which one entire chromosome duplicates,
trochophore,,,other,,first of the two larval stages in mollusks,
trophic level,,,other,,position of a species or group of species in a food chain or a food web,
trophic level transfer efficiency (TLTE),,,other,,energy transfer efficiency between two successive trophic levels,
trophoblast,,,other,,outer layer of cells in the blastocyst,
tropomyosin,,,other,,"acts to block myosin binding sites on actin molecules, preventing cross-bridge formation and preventing contraction until a muscle receives a neuron signal",
troponin,,,other,,"binds to tropomyosin and helps to position it on the actin molecule, and also binds calcium ions",
trypsin,,,other,,pancreatic protease that breaks down protein,
tryptophan,,,other,,amino acid that can be synthesized by prokaryotic cells when necessary,
tuber,,,other,,modified underground stem adapted for starch storage; has many adventitious buds,
tubular reabsorption,,,other,,reclamation of water and solutes that got filtered out in the glomerulus,
tubular secretion,,,other,,process of secretion of wastes that do not get reabsorbed,
tumor suppressor gene,,,other,,segment of DNA that codes for regulator proteins that prevent the cell from undergoing uncontrolled division,
tunicate,,,other,,sessile chordate that is a member of Urochordata,
tympanum,,,other,,"(also, tympanic membrane or ear drum) thin diaphragm between the outer and middle ears",
ubiquinone,,,other,,soluble electron transporter in the electron transport chain that connects the first or second complex to the third,
ulna,,,other,,bone located on the medial aspect (pinky-finger side) of the forearm,
ultrasound,,,other,,"sound frequencies above the human detectable ceiling of approximately 20,000 Hz",
umami,,,other,,"one of the five basic tastes, which is described as “savory” and which may be largely the taste of L-glutamate",
unidirectional circulation,,,other,,"flow of blood in a single circuit; occurs in fish where the blood flows through the gills, then past the organs and the rest of the body, before returning to the heart",
unified cell theory,,,other,,a biological concept that states that one or more cells comprise all organisms; the cell is the basic unit of life; and new cells arise from existing cells,
uniporter,,,other,,transporter that carries one specific ion or molecule,
uniramous,,,other,,referring to one branch per appendage,
unsaturated fatty acid,,,other,,long-chain hydrocarbon that has one or more double bonds in the hydrocarbon chain,
untranslated region,,,other,,segment of the RNA molecule that is not translated into protein. These regions lie before (upstream or 5') and after (downstream or 3') the protein-coding region,
up-regulation,,,other,,an increase in the number of hormone receptors in response to increased hormone levels,
upstream,,,other,,"nucleotides preceding the initiation site; in general, sequences toward the 5' end relative to a site on the mRNA",
urea cycle,,,other,,pathway by which ammonia is converted to urea,
ureotelic,,,other,,describes animals that secrete urea as the primary nitrogenous waste material,
ureter,,,other,,urine-bearing tube coming out of the kidney; carries urine to the bladder,
uric acid,,,other,,"byproduct of ammonia metabolism in birds, insects, and reptiles",
urinary bladder,,,other,,structure that the ureters empty the urine into; stores urine,
urine,,,other,,filtrate produced by kidneys that gets excreted out of the body,
uterus,,,other,,environment for developing embryo and fetus,
vaccine,,,other,,"weakened solution of virus components, viruses, or other agents that produce an immune response",
vacuole,,,other,,"membrane-bound sac, somewhat larger than a vesicle, which functions in cellular storage and transport",
vagina,,,other,,"muscular tube for the passage of menstrual flow, copulation, and birth of offspring",
valence shell,,,other,,outermost shell of an atom,
van der Waals interaction,,,other,,very weak interaction between molecules due to temporary charges attracting atoms that are very close together,
variable,,,other,,part of an experiment that the experimenter can vary or change,
variable number of tandem repeats (VNTRs),,,other,,variation in the number of tandem repeats between individuals in the population,
variation,,,other,,genetic differences among individuals in a population,
vasa recta,,,other,,peritubular network that surrounds the loop of Henle of the juxtamedullary nephrons,
vascular bundle,,,other,,strands of stem tissue made up of xylem and phloem,
vascular plant,,,other,,plant containing a network of cells that conducts water and solutes through the organism,
vascular stele,,,other,,strands of root tissue made up of xylem and phloem,
vascular tissue,,,other,,tissue made up of xylem and phloem that transports food and water throughout the plant,
vasoconstriction,,,other,,narrowing of a blood vessel,
vasodilation,,,other,,widening of a blood vessel,
vasodilator,,,other,,compound that increases the diameter of blood vessels,
vasopressin,,,other,,another name for anti-diuretic hormone,
vein,,,other,,bundle of vascular tissue made of xylem and phloem,
veliger,,,other,,second of the two larval stages in mollusks,
vena cava,,,other,,major vein of the body returning blood from the upper and lower parts of the body; see the superior vena cava and inferior vena cava,
venation,,,other,,"pattern of veins in a leaf; may be parallel (as in monocots), reticulate (as in dicots), or dichotomous (as in ginkgo biloba)",
ventilation/perfusion (V/Q) mismatch,,,other,,region of the lung that lacks proper alveolar ventilation (V) and/or arterial perfusion (Q),
ventral cavity,,,other,,body cavity on the anterior or front portion of an animal that includes the thoracic cavities and the abdominopelvic cavities,
ventricle,,,other,,cavity within brain that contains cerebrospinal fluid,
venule,,,other,,blood vessel that connects a capillary bed to a vein,
vernalization,,,other,,exposure to cold required by some seeds before they can germinate,
vertebral column,,,other,,series of separate bones joined together as a backbone,
vertical transmission,,,other,,transmission of disease from parent to offspring,
vesicle,,,other,,"small, membrane-bound sac that functions in cellular storage and transport; its membrane is capable of fusing with the plasma membrane and the membranes of the endoplasmic reticulum and Golgi apparatus",
vessel element,,,other,,xylem cell that is shorter than a tracheid and has thinner walls,
vestibular sense,,,other,,sense of spatial orientation and balance,
vestigial structure,,,other,,physical structure present in an organism but that has no apparent function and appears to be from a functional structure in a distant ancestor,
viable-but-non-culturable (VBNC) state,,,other,,survival mechanism of bacteria facing environmental stress conditions,
vicariance,,,other,,allopatric speciation that occurs when something in the environment separates organisms of the same species into separate groups,
villi,,,other,,folds on the inner surface of the small intestine whose role is to increase absorption area,
viral receptor,,,other,,glycoprotein used to attach a virus to host cells via molecules on the cell,
virion,,,other,,individual virus particle outside a host cell,
viroid,,,other,,"plant pathogen that produces only a single, specific RNA",
virus core,,,other,,contains the virus genome,
vision,,,other,,sense of sight,
vitamin,,,other,,organic substance necessary in small amounts to sustain life,
viviparity,,,other,,"process in which the young develop within the female, receiving nourishment from the mother’s blood through a placenta",
water vascular system,,,other,,system in echinoderms where water is the circulatory fluid,
wavelength,,,other,,distance between consecutive points of equal position (two crests or two troughs) of a wave in a graphic representation; inversely proportional to the energy of the radiation,
wax,,,other,,"lipid comprised of a long-chain fatty acid that is esterified to a long-chain alcohol; serves as a protective coating on some feathers, aquatic mammal fur, and leaves",
weather,,,other,,conditions of the atmosphere during a short period of time,
web of life,,,other,,phylogenetic model that attempts to incorporate the effects of horizontal gene transfer on evolution,
whisk fern,,,other,,seedless vascular plant that lost roots and leaves by reduction,
white blood cell,,,other,,"large (30 μm) cell with nuclei of which there are many types with different roles including the protection of the body from viruses and bacteria, and cleaning up dead cells and other waste",
white-nose syndrome,,,other,,disease of cave-hibernating bats in the eastern United States and Canada associated with the fungus Geomyces destructans,
whole-genome sequencing,,,other,,process that determines an entire genome's DNA sequence,
whorled,,,other,,pattern of leaf arrangement in which three or more leaves are connected at a node,
xylem,,,other,,tissue responsible for long-distance transport of water and nutrients,
yeast,,,other,,general term used to describe unicellular fungi,
zero population growth,,,other,,steady population size where birth rates and death rates are equal,
zoea,,,other,,larval stage in the early development of crustaceans,
zona pellucida,,,other,,protective layer of glycoproteins on the mammalian egg,
zoology,,,other,,study of animals,
zoonosis,,,other,,disease that primarily infects animals that is transmitted to humans,
zygospore,,,other,,structure with thick cell wall that contains the zygote in zygomycetes,
